date,basket,eur_usd,jpy_usd,gbp_usd,cad_usd,sek_usd,chf_usd
2016-01-04,1.008108523786,1.089800000000,0.008397287718,1.476493700041,0.718296862642,0.118849240970,1.000642732531
2016-01-05,0.998688728122,1.074600000000,0.008403190491,1.467331194101,0.717548076923,0.116506749065,0.990688669678
2016-01-06,0.997929742671,1.074200000000,0.008445632518,1.462690631808,0.709651846469,0.116343550309,0.990411211507
2016-01-07,1.005311152296,1.086800000000,0.008507906685,1.457911328728,0.707552083333,0.117137314076,0.999356321839
2016-01-08,1.003955201576,1.086100000000,0.008451482375,1.457480642521,0.708896286143,0.117238773748,1.000092081031
2016-01-11,1.006248492818,1.088800000000,0.008484376218,1.457466033063,0.709963484611,0.117428817947,1.002301390040
2016-01-12,1.001503915603,1.083600000000,0.008479536740,1.443260522110,0.705009759271,0.117167479429,0.998249654537
2016-01-13,0.999591575907,1.081600000000,0.008467198998,1.441748866969,0.703205253235,0.116980315812,0.989932271646
2016-01-14,1.003054489080,1.089300000000,0.008492905037,1.438912592632,0.696171790120,0.117318255250,0.994794520548
2016-01-15,1.003476153290,1.091400000000,0.008539906103,1.433223900197,0.688623887942,0.116759740677,0.996621313122
2016-01-18,1.001603767237,1.089200000000,0.008524025669,1.428215517354,0.689367088608,0.116602969672,0.995066691029
2016-01-19,0.998991174027,1.086800000000,0.008482672495,1.421155178952,0.690031746032,0.116570668554,0.995055850577
2016-01-20,1.001622525479,1.090700000000,0.008569296040,1.416493506494,0.683181960539,0.116738555726,0.997713135748
2016-01-21,1.000899450294,1.089300000000,0.008548222554,1.411339431474,0.691619047619,0.116469041026,0.994885377660
2016-01-22,0.998243158658,1.080800000000,0.008458949675,1.432300984641,0.705667276051,0.116543380276,0.987031963470
2016-01-25,0.997456408467,1.081500000000,0.008444600609,1.425088944525,0.704514363885,0.116593716984,0.984882979692
2016-01-26,0.998577323351,1.083700000000,0.008451879582,1.424140876536,0.703199013692,0.116974655671,0.984465843023
2016-01-27,1.002857787711,1.088800000000,0.008446202777,1.433291647469,0.710195029678,0.117592422590,0.983736899169
2016-01-28,1.002478767278,1.090300000000,0.008411510569,1.430314320197,0.709969395064,0.117178599832,0.986429023794
2016-01-29,0.999691406908,1.092000000000,0.008257088847,1.429132312525,0.710798672134,0.116812682520,0.979899497487
2016-02-01,0.998327612178,1.088400000000,0.008246079248,1.430223390276,0.713564544680,0.117240264986,0.980894015862
2016-02-02,1.001490720329,1.091900000000,0.008282008495,1.439361982600,0.714033481559,0.116859488211,0.979546066206
2016-02-03,1.005729118745,1.093300000000,0.008372645122,1.451347404752,0.717670999081,0.116830519342,0.983625730994
2016-02-04,1.026249675081,1.120600000000,0.008522321089,1.463019779359,0.729272419628,0.119167127483,1.003312740621
2016-02-05,1.026137857757,1.120200000000,0.008570117053,1.455277687561,0.727213710724,0.118759607739,1.009098279434
2016-02-08,1.018347249504,1.110100000000,0.008598094648,1.437208700155,0.716794731065,0.117711304569,1.004524477423
2016-02-09,1.028574195443,1.123600000000,0.008705353684,1.441529283469,0.719196057095,0.118097160034,1.021733199964
2016-02-10,1.031229417776,1.125700000000,0.008698037398,1.455746948065,0.721556310493,0.118293016120,1.027098540146
2016-02-11,1.038684372992,1.134700000000,0.008913589945,1.441071882144,0.716260573160,0.119206202462,1.029019678970
2016-02-12,1.035298769540,1.127500000000,0.008873062092,1.450440599473,0.718244362339,0.119249074564,1.026026026026
2016-02-15,1.027879456038,1.118000000000,0.008761755486,1.448186528497,0.723437297787,0.117855411018,1.015532745935
2016-02-16,1.026991499358,1.116600000000,0.008790741615,1.439288476411,0.723655217110,0.117856916679,1.013432564894
2016-02-17,1.023917596966,1.113600000000,0.008761605035,1.430718828291,0.723727822188,0.117563844051,1.009244154432
2016-02-18,1.023292513519,1.108400000000,0.008784972656,1.436812154052,0.730748945148,0.117897334440,1.005077983315
2016-02-19,1.024095074138,1.109600000000,0.008848484848,1.427780994660,0.726463270918,0.118246339436,1.007170736135
2016-02-22,1.018635401675,1.102600000000,0.008831397677,1.409199545007,0.728847170809,0.117834394904,1.001635174419
2016-02-23,1.019798836381,1.100200000000,0.008935997401,1.410784125152,0.727838052395,0.117655865683,1.007416903214
2016-02-24,1.016228880724,1.098100000000,0.008937815400,1.391144612656,0.722576824373,0.117273270964,1.006138904160
2016-02-25,1.019633459616,1.102700000000,0.008892024837,1.397237709072,0.733910149750,0.117548609927,1.008413351623
2016-02-26,1.018117339077,1.100600000000,0.008845844719,1.397676042923,0.738211818365,0.117447444243,1.007045475341
2016-02-29,1.010550249712,1.088800000000,0.008841968491,1.385594298804,0.737319699330,0.116800223130,0.997617738684
2016-03-01,1.010957955536,1.087200000000,0.008843338214,1.397429305913,0.739642152527,0.116091831287,1.001104972376
2016-03-02,1.009201672042,1.085600000000,0.008749899250,1.402402790337,0.743816375471,0.116249933073,1.001014292301
2016-03-03,1.012691398382,1.090100000000,0.008774853095,1.407761348228,0.744400437039,0.116438795129,1.005627306273
2016-03-04,1.017724877254,1.097000000000,0.008792177607,1.415794432327,0.745396480261,0.117521024158,1.006606716829
2016-03-07,1.016963827478,1.095300000000,0.008801124950,1.414421860069,0.747542997543,0.117384175160,0.999178981938
2016-03-08,1.022970874625,1.102800000000,0.008850722311,1.420987527059,0.750459339912,0.117659610789,1.006939371804
2016-03-09,1.020371685937,1.097300000000,0.008875677425,1.422570817398,0.746208772526,0.118090830822,0.999544543633
2016-03-10,1.012047839988,1.085700000000,0.008764834100,1.414998436034,0.752703826955,0.117549615097,0.992322456814
2016-03-11,1.026687313806,1.109000000000,0.008789728145,1.429215799987,0.754524425092,0.119132022774,1.012970405554
2016-03-14,1.029196965661,1.111900000000,0.008799461855,1.436043808441,0.754495487548,0.119803900442,1.013674901997
2016-03-15,1.027891017139,1.110900000000,0.008861678366,1.417723780597,0.748988673139,0.120199954556,1.014150082162
2016-03-16,1.022949462072,1.106400000000,0.008803309994,1.405309284898,0.747668603865,0.119954464141,1.009489051095
2016-03-17,1.045982296680,1.131100000000,0.008957079506,1.446086578537,0.769403441943,0.121708721149,1.032119718952
2016-03-18,1.045033956227,1.127900000000,0.008966531521,1.448718772076,0.771108224516,0.121576320697,1.032970052203
2016-03-21,1.042962391661,1.127100000000,0.008949499762,1.439408451783,0.766578249337,0.121798612462,1.032521069989
2016-03-22,1.038295099899,1.121200000000,0.008960281307,1.423023226298,0.763812248791,0.121453718247,1.029852117204
2016-03-23,1.032860120972,1.117100000000,0.008865169431,1.414319174527,0.761174707005,0.121009586741,1.025426840463
2016-03-24,1.031200058870,1.115400000000,0.008894027590,1.413007676911,0.752580797517,0.120339202486,1.025655172414
2016-03-29,1.033507530009,1.119400000000,0.008805160072,1.426896112173,0.759378603894,0.120768151904,1.025561154375
2016-03-30,1.044993387776,1.132400000000,0.008890633587,1.441079155001,0.767468654693,0.122527591430,1.037661504628
2016-03-31,1.049049987082,1.138500000000,0.008901485536,1.438317225696,0.772492875560,0.123410620793,1.041533254048
2016-04-01,1.050813678772,1.143200000000,0.008926368392,1.430967580423,0.767557405667,0.123705539264,1.044399780742
2016-04-04,1.048346177530,1.138000000000,0.008962747106,1.427173994833,0.767259978425,0.123036337885,1.042219983515
2016-04-05,1.047413874037,1.136700000000,0.009035052857,1.418038922156,0.759420096205,0.122806828003,1.043609988983
2016-04-06,1.044931669642,1.133600000000,0.009059378247,1.402831402831,0.760193133047,0.122382001123,1.041241848076
2016-04-07,1.050822224651,1.136400000000,0.009227771011,1.407690020811,0.762377566081,0.122754523359,1.044101433297
2016-04-08,1.050527153435,1.136300000000,0.009211251621,1.407531277096,0.764618800888,0.122277462121,1.044969652382
2016-04-11,1.054678749376,1.139000000000,0.009239130435,1.422682987759,0.769906718940,0.122717233206,1.047163740002
2016-04-12,1.056469712790,1.139600000000,0.009232015554,1.427354709419,0.776611694153,0.123684039159,1.048004414199
2016-04-13,1.049592359010,1.129800000000,0.009150400907,1.423136998035,0.781003732891,0.123125544900,1.037751446680
2016-04-14,1.045980441181,1.125200000000,0.009141278739,1.414278531926,0.779548288763,0.122865254422,1.034381320096
2016-04-15,1.048261220858,1.128400000000,0.009180701326,1.418033301916,0.776332989336,0.122782964462,1.033427969594
2016-04-18,1.050400220715,1.130600000000,0.009242969261,1.417147154675,0.773747604708,0.122960803933,1.035727372664
2016-04-19,1.053663781189,1.134300000000,0.009140209508,1.436277302944,0.786724927174,0.123598443987,1.038546053836
2016-04-20,1.056650304949,1.137900000000,0.009161835749,1.438558786346,0.789057624298,0.124166603014,1.040223055124
2016-04-21,1.054882816448,1.135500000000,0.009120481928,1.442949182265,0.791509828524,0.123632206435,1.033306033306
2016-04-22,1.046621617180,1.126300000000,0.009020502963,1.437799195762,0.785315855529,0.123253192677,1.024747520699
2016-04-25,1.048049043026,1.126400000000,0.009014805922,1.450798557445,0.788464230715,0.123009719340,1.026519639114
2016-04-26,1.049692292674,1.128700000000,0.008997210044,1.456706632423,0.790627626786,0.123294554591,1.026090909091
2016-04-27,1.051012775302,1.130300000000,0.008985610939,1.458922232978,0.794698727413,0.123377686573,1.027732314966
2016-04-28,1.059857699552,1.135800000000,0.009246173885,1.459184460032,0.796381994110,0.123775377876,1.034991798797
2016-04-29,1.064398916901,1.140300000000,0.009320745463,1.461454661967,0.798194036119,0.124366063541,1.038146394756
2016-05-02,1.071402760836,1.149300000000,0.009384339022,1.468791534608,0.798790658882,0.125191987190,1.044913173925
2016-05-03,1.075590840401,1.156900000000,0.009441769363,1.462523545251,0.794628751975,0.125334488923,1.053930946525
2016-05-04,1.068240655611,1.150500000000,0.009382645572,1.451112456486,0.784253578732,0.124203821656,1.046575093241
2016-05-05,1.062971701466,1.143900000000,0.009337196964,1.450545270099,0.780020456870,0.123564677289,1.038210201488
2016-05-06,1.061753866171,1.142700000000,0.009348768715,1.449207355739,0.776449004553,0.123198171488,1.032249322493
2016-05-09,1.056559214149,1.139500000000,0.009234946106,1.442441580800,0.772909177237,0.122883640677,1.030941825749
2016-05-10,1.053834023299,1.137500000000,0.009164518208,1.444261046216,0.771500271297,0.122604496756,1.026717212745
2016-05-11,1.056965804913,1.140900000000,0.009194133290,1.444945414018,0.776862317854,0.122783039173,1.027930444184
2016-05-12,1.055274906084,1.138900000000,0.009147791165,1.443692323294,0.780389201042,0.122534832428,1.029467594685
2016-05-13,1.052929677106,1.134800000000,0.009184202007,1.440869498972,0.776250085505,0.121648710940,1.029390420900
2016-05-16,1.050859924185,1.132400000000,0.009186338931,1.437055837563,0.773814404811,0.121280925351,1.023962383579
2016-05-17,1.050210655102,1.131800000000,0.009132574841,1.448240563020,0.773562982708,0.121031300461,1.021480144404
2016-05-18,1.048491518020,1.127900000000,0.009141676123,1.455636574821,0.770581403293,0.120598770382,1.017409345120
2016-05-19,1.042329346207,1.119700000000,0.009090687667,1.462035646667,0.762790380816,0.119486922281,1.009739381369
2016-05-20,1.042470936016,1.121900000000,0.009061465148,1.456861624766,0.762989662677,0.119876479891,1.008630765081
2016-05-23,1.042977426413,1.121500000000,0.009140179299,1.448161873894,0.760596812479,0.120023544521,1.009905447996
2016-05-24,1.041028191900,1.116800000000,0.009112271540,1.459621240835,0.760555706892,0.120008596604,1.008033215994
2016-05-25,1.040388201231,1.114600000000,0.009077286424,1.468027658874,0.763006571742,0.120300914183,1.008779075029
2016-05-26,1.043056695142,1.116800000000,0.009084845034,1.470053968672,0.773246555425,0.120254118660,1.008397291196
2016-05-27,1.042671992134,1.116800000000,0.009119712559,1.464751787002,0.767032967033,0.120509749334,1.009035056017
2016-05-30,1.038176256378,1.113900000000,0.008993944287,1.463251231527,0.766937482787,0.119993536572,1.007325013565
2016-05-31,1.039460075882,1.115400000000,0.009007510296,1.464067729868,0.767653131452,0.120051662900,1.009960159363
2016-06-01,1.041789014949,1.117400000000,0.009153764234,1.444453062385,0.766077060195,0.120414673046,1.010764360018
2016-06-02,1.042719080836,1.118800000000,0.009173499508,1.446692959203,0.763060973946,0.120372263166,1.011390345326
2016-06-03,1.041063539072,1.115400000000,0.009182514201,1.443229604710,0.764286693162,0.120447060094,1.009411764706
2016-06-06,1.056316584973,1.134900000000,0.009334594506,1.441692073171,0.773883395840,0.122744970798,1.026965885440
2016-06-07,1.058027008504,1.134800000000,0.009289456451,1.457113507961,0.782350913478,0.123029553980,1.033609618362
2016-06-08,1.061767508577,1.137800000000,0.009343844954,1.457820828208,0.788496188496,0.123294647985,1.039846463169
2016-06-09,1.059385545833,1.134300000000,0.009396123260,1.446110303679,0.784494086728,0.122715913148,1.039116892635
2016-06-10,1.055569502532,1.130400000000,0.009358390595,1.440366972477,0.784455239417,0.121244623685,1.038493339458
2016-06-13,1.052795398204,1.126800000000,0.009428499707,1.417091114884,0.783043780403,0.120817026752,1.034900808229
2016-06-14,1.049522740297,1.122500000000,0.009434358716,1.412340521905,0.776870371652,0.120460594093,1.036281388479
2016-06-15,1.049910424896,1.123000000000,0.009414033029,1.418681624094,0.777808560742,0.120055591191,1.038180641583
2016-06-16,1.048608756701,1.117400000000,0.009579082726,1.413839788443,0.769029593944,0.118979928659,1.033481317055
2016-06-17,1.055433819555,1.125400000000,0.009590932333,1.428716516440,0.775122253599,0.119959494750,1.040303198373
2016-06-20,1.062959161523,1.133200000000,0.009557223581,1.464555735057,0.780440771350,0.121408215304,1.041161337743
2016-06-21,1.063231985214,1.131400000000,0.009556550384,1.474040779102,0.782921597121,0.121342771343,1.042764976959
2016-06-22,1.061201305596,1.128300000000,0.009561054148,1.469274543253,0.783596083061,0.120715111054,1.041828254848
2016-06-23,1.066752077978,1.138900000000,0.009460873899,1.486911678308,0.784528483847,0.122422874342,1.047168076499
2016-06-24,1.042534890285,1.106600000000,0.009773028349,1.370402476780,0.768899388549,0.116964380087,1.023871206514
2016-06-27,1.035689148179,1.099800000000,0.009837209302,1.318705035971,0.766411149826,0.116937799043,1.024403874814
2016-06-28,1.039674877467,1.107300000000,0.009764550265,1.338612185687,0.766934478460,0.117267672756,1.021023513140
2016-06-29,1.040928453141,1.109000000000,0.009740887132,1.343428225318,0.769764697716,0.117589676708,1.021743136171
2016-06-30,1.041698540127,1.110200000000,0.009734327050,1.343254688445,0.771829810901,0.117803102651,1.021625103524
2016-07-01,1.042892303874,1.113500000000,0.009742759647,1.328283430753,0.773801250869,0.118583599574,1.027688047993
2016-07-04,1.043470674960,1.113800000000,0.009745384548,1.327453667839,0.777359017309,0.118602917687,1.027585570625
2016-07-05,1.043352120345,1.114600000000,0.009820264317,1.311340400249,0.773061450964,0.118160904918,1.028513426225
2016-07-06,1.039374414034,1.106900000000,0.009929135271,1.297655334115,0.767667660725,0.116920704334,1.022918399409
2016-07-07,1.040456860275,1.108000000000,0.009901697945,1.302227184580,0.773310999442,0.116887501055,1.024029574861
2016-07-08,1.040123704339,1.107000000000,0.009957722407,1.298640357566,0.768429820908,0.116913977927,1.019806540765
2016-07-11,1.034219489871,1.104900000000,0.009758014660,1.298400648672,0.765325206068,0.116599831152,1.016747952517
2016-07-12,1.035578804229,1.109200000000,0.009620955850,1.316167309404,0.767506227512,0.117412935323,1.017241379310
2016-07-13,1.034032993304,1.107200000000,0.009559661544,1.327609774815,0.766122336009,0.117327907765,1.014941791182
2016-07-14,1.038709272775,1.115700000000,0.009464709874,1.339198905307,0.773609762862,0.118172285596,1.023577981651
2016-07-15,1.037128485128,1.112800000000,0.009460171725,1.336295406785,0.777257805406,0.117686873387,1.021011101936
2016-07-18,1.031425320329,1.105300000000,0.009461564801,1.325744854388,0.772127139364,0.116741832930,1.016928880302
2016-07-19,1.027821297311,1.103500000000,0.009415529010,1.314472900536,0.768240044556,0.116253344852,1.014526064172
2016-07-20,1.026008954365,1.101300000000,0.009386346203,1.317265713773,0.765748852733,0.116313210257,1.012038228267
2016-07-21,1.026729743460,1.101500000000,0.009410508330,1.317662539626,0.766207568169,0.116270477960,1.013153053716
2016-07-22,1.025770872444,1.101400000000,0.009424952935,1.309506824559,0.762953726794,0.115962475916,1.014180478821
2016-07-25,1.023595977083,1.098200000000,0.009415294925,1.312537349110,0.759211890771,0.115514883770,1.013193098994
2016-07-26,1.027709213619,1.099700000000,0.009590128194,1.313702066659,0.755651755652,0.115606997183,1.011683532659
2016-07-27,1.024273452863,1.099100000000,0.009456250538,1.310402384501,0.758156860040,0.115245884450,1.005765007321
2016-07-28,1.032572373193,1.109000000000,0.009548820389,1.316789361197,0.759849263446,0.116129302491,1.018178479618
2016-07-29,1.036583033927,1.111300000000,0.009677784551,1.316706161137,0.758929181179,0.116156073291,1.026794788876
2016-08-01,1.042477437451,1.116400000000,0.009768988449,1.320558315590,0.765339000480,0.116494318241,1.033034144536
2016-08-02,1.046527158657,1.119300000000,0.009842595849,1.327600521884,0.766223986857,0.117158797115,1.035430157262
2016-08-03,1.048342425374,1.120000000000,0.009892245186,1.334763437016,0.763358778626,0.117713829273,1.032733978792
2016-08-04,1.043368085110,1.113600000000,0.009884608557,1.316265380660,0.766097963676,0.117091635561,1.027875207680
2016-08-05,1.044853082302,1.115600000000,0.009896212188,1.315410918524,0.767843623099,0.117378449754,1.028013269443
2016-08-08,1.036137133019,1.108700000000,0.009760542301,1.305043846742,0.760790502985,0.116398950131,1.018744831388
2016-08-09,1.035457657829,1.107800000000,0.009780171272,1.297204885303,0.760486030068,0.116764163373,1.016423525094
2016-08-10,1.045540339084,1.118400000000,0.009889468565,1.307443214365,0.768290169678,0.117960996087,1.023894534469
2016-08-11,1.042450553411,1.115300000000,0.009865546218,1.296287686836,0.766055360945,0.118258933305,1.027074316235
2016-08-12,1.042032985366,1.115800000000,0.009807506373,1.296687972109,0.770686558917,0.118325751068,1.024797942689
2016-08-15,1.044793040979,1.118000000000,0.009896432681,1.289846210644,0.773916655129,0.118180568916,1.026347195447
2016-08-16,1.055412243778,1.129500000000,0.010018626929,1.297381116471,0.780203080749,0.119483349554,1.041109779703
2016-08-17,1.052118993453,1.127600000000,0.009932176517,1.301477377655,0.776102966481,0.118755989932,1.038018963454
2016-08-18,1.057102799742,1.132100000000,0.009965669014,1.315278891174,0.779468465987,0.119471501388,1.043121717497
2016-08-19,1.056838999332,1.132600000000,0.009976217740,1.308804326473,0.778579775899,0.119301424117,1.043678584593
2016-08-22,1.054593108683,1.130600000000,0.009941088543,1.310992578850,0.774277496233,0.119230160823,1.038581664523
2016-08-23,1.058365412366,1.133900000000,0.009992069087,1.318565032851,0.775316239316,0.119770156222,1.040657121880
2016-08-24,1.054275886703,1.126800000000,0.009976095618,1.323622694702,0.772786502983,0.119181342218,1.034615737765
2016-08-25,1.054447937003,1.129000000000,0.009951520494,1.319387635854,0.773446598616,0.118897173428,1.035304906006
2016-08-26,1.055125097676,1.129000000000,0.009962057708,1.321240491516,0.776158394060,0.118963573333,1.032653434556
2016-08-29,1.042239082587,1.117000000000,0.009777661064,1.306799569470,0.768436984040,0.117653254687,1.021303831032
2016-08-30,1.042172035532,1.116800000000,0.009773343835,1.311259833275,0.766927619832,0.117547995958,1.019815541960
2016-08-31,1.037747618975,1.113200000000,0.009679158334,1.312642973375,0.763354590962,0.116983154510,1.015971525052
2016-09-01,1.038517046671,1.114600000000,0.009642702656,1.326115407496,0.761650949843,0.116724264321,1.015303333941
2016-09-02,1.041932818366,1.119300000000,0.009663299663,1.328388321861,0.764392542512,0.116611970620,1.021352313167
2016-09-05,1.042097122894,1.115600000000,0.009680666435,1.333763733965,0.772790246606,0.116843670793,1.021144164760
2016-09-06,1.042530642726,1.115900000000,0.009670682035,1.335847249656,0.774661575842,0.117019714765,1.021605785956
2016-09-07,1.051277689811,1.123700000000,0.009837170621,1.338247903963,0.777970091387,0.118205821403,1.031769350840
2016-09-08,1.054219244957,1.129600000000,0.009839721254,1.335856196783,0.776570878592,0.118974142925,1.034716497206
2016-09-09,1.049178876958,1.126800000000,0.009726370306,1.332576456397,0.771780821918,0.118585560935,1.027258637980
2016-09-12,1.047062533046,1.122600000000,0.009814652911,1.328913879846,0.762532264638,0.117442748491,1.026611796982
2016-09-13,1.047510440511,1.124700000000,0.009781701165,1.326876113399,0.762818773738,0.117917802474,1.029473684211
2016-09-14,1.043283836734,1.121800000000,0.009723498310,1.318554738005,0.758024190824,0.117659398173,1.024942896300
2016-09-15,1.046903114327,1.125400000000,0.009787789181,1.320923026362,0.758815993527,0.117842931937,1.028607988301
2016-09-16,1.045494210892,1.122600000000,0.009817227809,1.317559240872,0.757643247621,0.117463639217,1.026048807239
2016-09-19,1.041451587375,1.116500000000,0.009824021117,1.305847953216,0.760351402887,0.116681297550,1.019169329073
2016-09-20,1.041053256448,1.118400000000,0.009816554024,1.297252154547,0.756084369930,0.116788321168,1.022023211185
2016-09-21,1.042337213837,1.115000000000,0.009911992177,1.301156453853,0.760936327032,0.116512361805,1.024533676376
2016-09-22,1.049109300178,1.123800000000,0.009928438908,1.307884783241,0.768515352527,0.117266494840,1.034140057053
2016-09-23,1.046443983098,1.121400000000,0.009922137675,1.297391103141,0.766769230769,0.117031934878,1.030035822541
2016-09-26,1.048420458828,1.126200000000,0.009956679339,1.293145022391,0.759662731872,0.117220921155,1.032737276479
2016-09-27,1.046210152524,1.122000000000,0.009971560611,1.298415747631,0.754387144490,0.116616257678,1.031250000000
2016-09-28,1.046450049173,1.122500000000,0.009939785708,1.302083333333,0.756962708207,0.116726459731,1.030667523643
2016-09-29,1.045359027420,1.122100000000,0.009853354408,1.302677099538,0.764217121842,0.116620590742,1.031721221037
2016-09-30,1.041233888374,1.116100000000,0.009869130781,1.296238226310,0.759768550034,0.116006652115,1.026204486944
2016-10-03,1.045058299273,1.123600000000,0.009864793679,1.286790810600,0.764249761937,0.117127071823,1.029126213592
2016-10-04,1.036615624168,1.116100000000,0.009747598253,1.274960018277,0.759406681636,0.116254361752,1.019362498858
2016-10-05,1.037482194100,1.121100000000,0.009693904021,1.271737280926,0.756681965443,0.116465821733,1.022994798796
2016-10-06,1.034557770512,1.118500000000,0.009642241379,1.266374557024,0.757329541607,0.116123338870,1.022208005849
2016-10-07,1.028767834682,1.114000000000,0.009650034650,1.232941905637,0.753517316017,0.115638137748,1.017723369267
2016-10-10,1.030840876933,1.116000000000,0.009671548661,1.239036305096,0.754563894523,0.115506427374,1.018248175182
2016-10-11,1.024648730822,1.107900000000,0.009642297650,1.227821307061,0.756090902887,0.113843276681,1.012890839276
2016-10-12,1.020636316163,1.102000000000,0.009624454148,1.224580508945,0.754897931223,0.113237016790,1.010452961672
2016-10-13,1.021635308987,1.103800000000,0.009641016683,1.220612628552,0.754993160055,0.113367226416,1.012289068232
2016-10-14,1.019493119236,1.100200000000,0.009586964099,1.223668112557,0.759544356231,0.113343223307,1.010377445128
2016-10-17,1.019004029924,1.099400000000,0.009605102219,1.215008012378,0.761726598767,0.113307498866,1.011221486387
2016-10-18,1.020478200685,1.099300000000,0.009611786308,1.227376765478,0.764358225560,0.113300695697,1.009829138343
2016-10-19,1.021285472227,1.097900000000,0.009673980086,1.228928339564,0.764501079312,0.113208909053,1.011516491616
2016-10-20,1.019934378555,1.098000000000,0.009651898734,1.225884244373,0.759336099585,0.113149216818,1.011795060818
2016-10-21,1.013459361643,1.088600000000,0.009637039660,1.218763994626,0.755919727797,0.112327551515,1.005635103926
2016-10-24,1.012697409426,1.089100000000,0.009613381587,1.223501657024,0.748676703100,0.112220504894,1.006468903059
2016-10-25,1.010618747763,1.087200000000,0.009566212055,1.221600485404,0.750932449233,0.111874871373,1.002212389381
2016-10-26,1.013545520978,1.092500000000,0.009585855927,1.221147934947,0.748185180112,0.112203187906,1.008027311312
2016-10-27,1.012987830249,1.092700000000,0.009552408427,1.225577065434,0.748168435467,0.111329597555,1.008211847204
2016-10-28,1.010003038889,1.092200000000,0.009489139878,1.214837884434,0.746905559735,0.110748326911,1.006172270843
2016-10-31,1.012090550057,1.094600000000,0.009520744542,1.215546918379,0.746403000341,0.110957932083,1.011645101664
2016-11-01,1.017698116247,1.102500000000,0.009539672925,1.222649795393,0.748472505092,0.111589068826,1.018663956389
2016-11-02,1.025341057211,1.109500000000,0.009679811551,1.231915436972,0.747641509434,0.112172682236,1.028552887735
2016-11-03,1.024959677083,1.106400000000,0.009684026258,1.247941528119,0.746861077359,0.111680865668,1.025679058126
2016-11-04,1.026722569862,1.109300000000,0.009710259104,1.249099180254,0.744446681431,0.111341965272,1.029608316317
2016-11-07,1.021913900830,1.106200000000,0.009585788562,1.242362982929,0.746776480119,0.110805044424,1.025303549912
2016-11-08,1.019847894270,1.103800000000,0.009543489538,1.238999640805,0.748034697750,0.111286988960,1.024123213954
2016-11-09,1.019761059992,1.102200000000,0.009622839183,1.238009659665,0.744830382484,0.110192451887,1.021217455758
2016-11-10,1.007469376173,1.089500000000,0.009359965636,1.241100415789,0.741711484785,0.109950550005,1.012358297714
2016-11-11,1.011316828790,1.090400000000,0.009403242497,1.265949171630,0.741214057508,0.110577020586,1.016026835632
2016-11-14,1.000162108310,1.077700000000,0.009268942978,1.253358143862,0.738656614119,0.109862888017,1.003538504516
2016-11-15,0.997699790221,1.076500000000,0.009236379236,1.242526374108,0.739354395604,0.109278245863,1.000650678565
2016-11-16,0.992352200167,1.070200000000,0.009127505330,1.242828939728,0.741906412478,0.108839801481,0.996647420376
2016-11-17,0.994247349381,1.071700000000,0.009150443989,1.245366335483,0.744805059420,0.108948031880,0.998137282295
2016-11-18,0.986433781941,1.062900000000,0.009088499359,1.232805214688,0.739923424991,0.108190914365,0.992344318924
2016-11-21,0.986559897438,1.063100000000,0.009040734756,1.240128317294,0.743010902991,0.108319323450,0.991050619931
2016-11-22,0.985976354385,1.061700000000,0.009017326312,1.242873699121,0.746099789178,0.108366590795,0.989468779124
2016-11-23,0.983982786220,1.060200000000,0.008981701118,1.241553757334,0.743478260870,0.108335121547,0.987978753145
2016-11-24,0.977798046798,1.054800000000,0.008831951771,1.243867924528,0.741146711636,0.108009584468,0.983313135080
2016-11-25,0.980428647995,1.059200000000,0.008846571452,1.243455190064,0.741217634710,0.108258381030,0.986587183308
2016-11-28,0.980951647478,1.058800000000,0.008878825996,1.241222465798,0.743434910827,0.108263972678,0.984838619663
2016-11-29,0.980225395511,1.057600000000,0.008851690660,1.246949242469,0.743114109050,0.108285211123,0.983630952381
2016-11-30,0.983468964594,1.063500000000,0.008827191235,1.247507331378,0.747207194548,0.109034427608,0.984448764232
2016-12-01,0.982715785889,1.062700000000,0.008754427877,1.263644795358,0.746278089888,0.108510746924,0.987272389446
2016-12-02,0.984684180756,1.064200000000,0.008780528053,1.262351280500,0.751712933531,0.108610677362,0.989861408241
2016-12-05,0.988007550076,1.070200000000,0.008749182472,1.271504609828,0.751544943820,0.109187369280,0.991201259609
2016-12-06,0.990852676028,1.073400000000,0.008778213935,1.274670466690,0.753686280017,0.109497092727,0.990861257269
2016-12-07,0.989222044919,1.073000000000,0.008764907695,1.260943651213,0.753405420587,0.109786668031,0.990400590733
2016-12-08,0.992318573563,1.076200000000,0.008777424354,1.266192128949,0.756714948671,0.110688279097,0.991615221598
2016-12-09,0.979137087049,1.055900000000,0.008691965756,1.257997259784,0.758875952278,0.108956764008,0.981684641131
2016-12-12,0.980479726171,1.059600000000,0.008636400685,1.262932061979,0.761316281075,0.108738262610,0.983661344226
2016-12-13,0.983133477448,1.061000000000,0.008677516971,1.270841318513,0.762157890956,0.109178843383,0.987711785515
2016-12-14,0.985015122449,1.064400000000,0.008696788953,1.267701249360,0.762409569515,0.109109919736,0.990415930027
2016-12-15,0.964103146199,1.041900000000,0.008468666179,1.246321682337,0.749460509279,0.106655884039,0.970744433057
2016-12-16,0.964534796692,1.043900000000,0.008460852650,1.244367624270,0.747779369628,0.106640106242,0.970979443773
2016-12-19,0.964624345582,1.042200000000,0.008529339553,1.238649869266,0.747257474726,0.106564417178,0.973200112055
2016-12-20,0.959734733548,1.036400000000,0.008465245446,1.234132749053,0.745826137018,0.106554258983,0.969776363806
2016-12-21,0.964980725732,1.042100000000,0.008520153708,1.237060778727,0.747990238300,0.108118483166,0.974927495556
2016-12-22,0.964999311322,1.044400000000,0.008500732541,1.233859058420,0.742499644533,0.108782601450,0.975527741453
2016-12-23,0.964212696755,1.044600000000,0.008520391517,1.224934918736,0.739958914784,0.108293593199,0.975259079451
2016-12-27,0.963786639854,1.044500000000,0.008518881005,1.224501758499,0.738893604980,0.108139727502,0.971266505486
2016-12-28,0.960833414395,1.040100000000,0.008498243321,1.221807160981,0.736666902755,0.108589206853,0.970785887624
2016-12-29,0.965798989215,1.045300000000,0.008565224517,1.225439624853,0.738519146531,0.109358162892,0.975639350383
2016-12-30,0.971232927477,1.054100000000,0.008542139384,1.231166343526,0.742951790245,0.110348076420,0.981562529100
2017-01-02,0.966427302226,1.046500000000,0.008513667426,1.229151984966,0.743781094527,0.109652339739,0.977032956773
2017-01-03,0.960798632035,1.038500000000,0.008460285132,1.228049429433,0.743804612520,0.108916810001,0.970379368342
2017-01-04,0.965776279748,1.043700000000,0.008510273973,1.228677379481,0.751187562977,0.109588609589,0.974782852340
2017-01-05,0.970927726106,1.050100000000,0.008580650433,1.229049625468,0.751897465273,0.110141492118,0.981035127055
2017-01-06,0.977496372349,1.058900000000,0.008620858097,1.236339435830,0.754256001140,0.110862168246,0.987319347319
2017-01-09,0.970313875337,1.051600000000,0.008573292027,1.213477959843,0.753619033969,0.110077146117,0.980878649380
2017-01-10,0.974076588922,1.056700000000,0.008602246825,1.215435932827,0.755217267010,0.110539254145,0.984166899506
2017-01-11,0.969975421187,1.050300000000,0.008599148518,1.211069472470,0.754580070407,0.109754950624,0.979666075926
2017-01-12,0.986817803846,1.067900000000,0.008775577287,1.229690360766,0.765849110729,0.112304132927,0.994135170359
2017-01-13,0.983628193748,1.066100000000,0.008744975802,1.217731987024,0.760956459672,0.112368906456,0.993754660701
2017-01-16,0.979294706902,1.059400000000,0.008761889008,1.206495991254,0.760680692181,0.111715701782,0.989261368942
2017-01-17,0.988302007283,1.068400000000,0.008822460776,1.231017398318,0.765713466638,0.112424105311,0.997386109037
2017-01-18,0.986132103617,1.066400000000,0.008809582817,1.228104522474,0.762476762477,0.111866398120,0.996076966187
2017-01-19,0.983678511536,1.066800000000,0.008727808230,1.232511120097,0.752911285200,0.111732545717,0.994314474788
2017-01-20,0.979817841117,1.063200000000,0.008681309709,1.227784514117,0.747837096434,0.111829857057,0.991143842640
2017-01-23,0.988842640976,1.071500000000,0.008802990470,1.243789757162,0.751086499369,0.112655472964,0.998881327491
2017-01-24,0.991451990099,1.074800000000,0.008820681165,1.244701795020,0.753346884419,0.113154708638,1.000931272118
2017-01-25,0.993810985751,1.074300000000,0.008820921258,1.259097781372,0.763539445629,0.113283350732,1.001024972046
2017-01-26,0.989466684645,1.070000000000,0.008741830065,1.256709300823,0.761674259681,0.113036129305,1.000654633873
2017-01-27,0.987067576729,1.068100000000,0.008683033900,1.254080075144,0.762275192692,0.112992975626,0.999251567032
2017-01-30,0.984864436853,1.063000000000,0.008730289093,1.251545299347,0.760208825002,0.112617862062,0.996344549630
2017-01-31,0.994095442349,1.075500000000,0.008819911432,1.249056384647,0.765153671030,0.113803502460,1.008155230596
2017-02-01,0.997550906891,1.079000000000,0.008826175869,1.263199793954,0.765411080372,0.114479114723,1.010299625468
2017-02-02,1.000015137985,1.080800000000,0.008902800659,1.255751266440,0.769252669039,0.114755316777,1.011038353601
2017-02-03,0.993806503659,1.074100000000,0.008841056877,1.248764721612,0.765955929544,0.113757678458,1.004301075269
2017-02-06,0.993321536085,1.071200000000,0.008905886265,1.246305991856,0.765854007292,0.113228687701,1.003936269916
2017-02-07,0.989305247034,1.067500000000,0.008900283475,1.236534229121,0.758598635588,0.112593608269,1.001595045975
2017-02-08,0.991091723636,1.066500000000,0.008932908954,1.250073257927,0.760699001427,0.112829681665,1.002632321143
2017-02-09,0.992649494877,1.069200000000,0.008907030990,1.256551886238,0.762842465753,0.112743185533,1.001874062969
2017-02-10,0.985923483430,1.062900000000,0.008809780356,1.246218782976,0.761117078410,0.112033982271,0.996250820133
2017-02-13,0.986414411571,1.062900000000,0.008791563275,1.252090941218,0.763742185816,0.112143912218,0.995877447765
2017-02-14,0.986929795554,1.062300000000,0.008820891804,1.248325460058,0.767446900737,0.112230991094,0.996622572474
2017-02-15,0.980404362798,1.055500000000,0.008733967729,1.241793924563,0.764356579043,0.111683666991,0.990893728877
2017-02-16,0.988626935526,1.065200000000,0.008806945019,1.251556808836,0.768265416516,0.112424536666,1.000469615854
2017-02-17,0.988723659514,1.065000000000,0.008869087275,1.242417172189,0.764591858712,0.112724655475,1.001222149102
2017-02-20,0.986159859790,1.061600000000,0.008838564649,1.246814258030,0.762753269148,0.112000844015,0.996807511737
2017-02-21,0.980325002138,1.053700000000,0.008797695583,1.241692198916,0.761343930636,0.111278910128,0.990412632766
2017-02-22,0.980128092874,1.051300000000,0.008850071555,1.244878626406,0.759390349610,0.111013727561,0.987878218380
2017-02-23,0.984331878867,1.057300000000,0.008862531433,1.249350096895,0.762402653591,0.111324032640,0.991559598612
2017-02-24,0.987934356689,1.060900000000,0.008912130376,1.255458386093,0.762853239376,0.111453124343,0.996243778759
2017-02-27,0.985067896777,1.058700000000,0.008906368302,1.241439962477,0.762257901937,0.110802947210,0.992779444861
2017-02-28,0.985368585226,1.059700000000,0.008917781705,1.242248402790,0.757794622426,0.110760386726,0.995210368144
2017-03-01,0.977294901225,1.053300000000,0.008789218959,1.231209818819,0.750000000000,0.110561783600,0.989292758524
2017-03-02,0.974753178300,1.051400000000,0.008744178310,1.228845254792,0.747316795792,0.110446977257,0.987137357995
2017-03-03,0.976807057689,1.056500000000,0.008743689481,1.223438133287,0.746063131135,0.110773263434,0.989695550351
2017-03-06,0.979629413241,1.059200000000,0.008786395686,1.227346465817,0.746809560742,0.111102952746,0.990461941275
2017-03-07,0.977449318933,1.057600000000,0.008768758809,1.219697843386,0.745261080967,0.111071436073,0.985647716682
2017-03-08,0.975543783118,1.055600000000,0.008749274762,1.216787892061,0.743746917495,0.110855570608,0.986357690151
2017-03-09,0.974075845916,1.055100000000,0.008723439438,1.217615085456,0.739279708520,0.110452761057,0.985246054720
2017-03-10,0.975641005304,1.060600000000,0.008663617056,1.215587392550,0.740539030862,0.110735241914,0.987247510007
2017-03-13,0.980843386132,1.066300000000,0.008715161422,1.222008297233,0.743066202091,0.111485179570,0.991999255745
2017-03-14,0.978302371422,1.063100000000,0.008704658970,1.214097278531,0.741456270052,0.111942970264,0.991143016968
2017-03-15,0.978672268286,1.062200000000,0.008723002382,1.219895949376,0.743264991953,0.111105300043,0.991320578628
2017-03-16,0.989419871052,1.072600000000,0.008824352118,1.235571938717,0.751278279751,0.113098125224,1.002898550725
2017-03-17,0.990427162793,1.073700000000,0.008837764425,1.236013261500,0.751049244544,0.113486946412,1.003645541223
2017-03-20,0.991685226340,1.075200000000,0.008872019143,1.238809581418,0.748798662860,0.113086097730,1.002985074627
2017-03-21,0.995795087644,1.080200000000,0.008884684981,1.245144260141,0.752805073524,0.113797499026,1.004837209302
2017-03-22,0.997895106591,1.080700000000,0.009000582993,1.245189537965,0.747475446120,0.113632301141,1.008680231473
2017-03-23,0.998255995265,1.078600000000,0.009036528150,1.250217333349,0.749704594426,0.113423418687,1.008037383178
2017-03-24,0.997850560370,1.080500000000,0.008997418603,1.247690531178,0.747854374308,0.113292021851,1.008117186042
2017-03-27,1.005503305420,1.088900000000,0.009079463020,1.260257166997,0.749105668685,0.114017360711,1.016428638103
2017-03-28,1.002886475996,1.085900000000,0.009061248331,1.256029148112,0.746528255190,0.113923917833,1.015524174694
2017-03-29,0.994727794871,1.074800000000,0.009019048418,1.244197487990,0.747426981919,0.112538610544,1.003360716953
2017-03-30,0.993991888052,1.073700000000,0.008993215512,1.245880714783,0.749790502793,0.112284701379,1.003645541223
2017-03-31,0.990783710487,1.069100000000,0.008942701798,1.249634729349,0.749456712233,0.112156689956,0.999532535527
2017-04-03,0.990194337074,1.066100000000,0.008986008092,1.250410509031,0.749244500668,0.112050028903,0.998034076016
2017-04-04,0.989571230349,1.065100000000,0.009060825181,1.243941464326,0.743784916201,0.110832466181,0.997938723883
2017-04-05,0.990943012336,1.067800000000,0.009011730948,1.248742837095,0.747183542089,0.111521911685,0.997198356369
2017-04-06,0.989896380612,1.066600000000,0.009021398968,1.246173618413,0.744728389890,0.111225819907,0.996636142777
2017-04-07,0.987955552551,1.063000000000,0.009036042163,1.242214249822,0.745650953984,0.110771859988,0.993922393642
2017-04-10,0.983933022410,1.057800000000,0.008985728848,1.239585164352,0.747297774638,0.110075131636,0.990263995506
2017-04-11,0.988214136714,1.061600000000,0.009045671438,1.244111098090,0.750831034727,0.110681332430,0.992520568437
2017-04-12,0.990090391761,1.060500000000,0.009124935467,1.250000000000,0.751381606915,0.110985526357,0.993163513767
2017-04-13,0.993037692316,1.063000000000,0.009163003189,1.254084919127,0.755561873623,0.110937173868,0.994759498409
2017-04-18,0.996591632914,1.068200000000,0.009188026836,1.266014814815,0.748406081412,0.111377570171,0.999625678458
2017-04-19,0.999720094792,1.072500000000,0.009173723377,1.285508809781,0.744016649324,0.111492281304,1.003274087933
2017-04-20,0.999960498599,1.074500000000,0.009171218846,1.280386081983,0.741341244653,0.111690903610,1.004111765256
2017-04-21,0.997080399271,1.069800000000,0.009165524332,1.277830864787,0.742246582946,0.110986616869,1.001685393258
2017-04-24,1.003582478759,1.084800000000,0.009064928554,1.278792879877,0.744543582704,0.113206365771,1.003886729595
2017-04-25,1.004823153925,1.089100000000,0.009050191125,1.282380369254,0.736375929682,0.113436100406,1.006004064290
2017-04-26,1.003584709631,1.089300000000,0.008976514215,1.282993533797,0.736411573824,0.113937555567,1.005353022612
2017-04-27,1.003057492924,1.088100000000,0.008972540612,1.288912579957,0.736048163431,0.113056398321,1.005637707948
2017-04-28,1.005855535898,1.093000000000,0.008976675427,1.293904561221,0.732868445756,0.113478269898,1.009140430247
2017-05-02,1.003051086106,1.091500000000,0.008906568747,1.291410317085,0.731176312969,0.113355488628,1.005805381496
2017-05-03,1.003387308569,1.091900000000,0.008915652813,1.293107531975,0.728418945964,0.113417053587,1.009896411395
2017-05-04,1.002108946275,1.092700000000,0.008861406212,1.289093375804,0.727981345769,0.113305958232,1.007746933505
2017-05-05,1.004641548704,1.096100000000,0.008890420959,1.293944044387,0.726182589108,0.113157487224,1.011255650890
2017-05-08,1.003829907410,1.093800000000,0.008885458976,1.294974249689,0.729881222474,0.113241536391,1.005515719801
2017-05-09,0.998225390915,1.088800000000,0.008777813609,1.291577698695,0.729709804973,0.112597985481,0.995428780399
2017-05-10,0.998343941540,1.088200000000,0.008787144703,1.295707566827,0.730090573633,0.112197133725,0.993880719700
2017-05-11,0.996091060117,1.086000000000,0.008780014553,1.285435284370,0.728565678250,0.112564522482,0.991599707816
2017-05-12,0.996893292411,1.087600000000,0.008783718301,1.285761573746,0.727929857439,0.112502973943,0.992064215999
2017-05-15,1.004360703669,1.097200000000,0.008816392125,1.291917859834,0.734846962695,0.113425614837,1.002558479532
2017-05-16,1.008188144468,1.105900000000,0.008800031829,1.287907020077,0.734426882720,0.113758164892,1.009217010403
2017-05-17,1.014379646066,1.111700000000,0.008906425252,1.296518747449,0.734474101480,0.113935207486,1.017760688456
2017-05-18,1.018532287763,1.112900000000,0.009044290939,1.303726438855,0.732990845024,0.113962418719,1.023450432224
2017-05-19,1.020199464368,1.117900000000,0.008989947728,1.301275783396,0.736963544070,0.114196112082,1.023624210237
2017-05-22,1.024160969793,1.124300000000,0.008981466688,1.301981401920,0.740938447344,0.114847540732,1.030428008432
2017-05-23,1.022971145099,1.121500000000,0.008999358048,1.297086615084,0.742518538136,0.115140190754,1.027767595308
2017-05-24,1.020233786338,1.119300000000,0.008943667599,1.296386379430,0.740816731749,0.114896631013,1.024155915454
2017-05-25,1.022039502442,1.121400000000,0.008947578393,1.295996671598,0.744473212507,0.115281418658,1.028429933969
2017-05-26,1.020941004332,1.119600000000,0.009001447178,1.284092212410,0.742588048020,0.115096376253,1.028288023512
2017-05-29,1.020173287812,1.118800000000,0.008981295657,1.284603814313,0.743240550056,0.115046067785,1.026422018349
2017-05-30,1.019945869278,1.117300000000,0.009012664354,1.287315797357,0.742490696438,0.114374334616,1.024763826470
2017-05-31,1.022619978115,1.122100000000,0.009020096463,1.284381617352,0.742719089224,0.115018758072,1.029827459618
2017-06-01,1.022068544317,1.121900000000,0.009009074119,1.286140089419,0.740283734741,0.114760638298,1.030873839934
2017-06-02,1.021120859239,1.121700000000,0.008972164454,1.285350873172,0.739468653174,0.115125265567,1.029743872212
2017-06-05,1.025388681834,1.124900000000,0.009049879324,1.291059336623,0.741333860551,0.115435924801,1.036201179071
2017-06-06,1.027941241018,1.125800000000,0.009143924626,1.290611028316,0.742122610415,0.115463113955,1.037508063773
2017-06-07,1.025494630641,1.121700000000,0.009135852745,1.290675196760,0.743586344050,0.114514103703,1.034492299179
2017-06-08,1.024678119635,1.122900000000,0.009072473136,1.294334620483,0.739967051071,0.114716248659,1.034358879882
2017-06-09,1.019779927526,1.117600000000,0.009053791316,1.275245897898,0.740230494105,0.114490600830,1.028813403296
2017-06-12,1.022999438074,1.122100000000,0.009100567721,1.267265232368,0.744196843083,0.114730631985,1.033526756931
2017-06-13,1.024371798876,1.121700000000,0.009087742040,1.273573658814,0.753223207091,0.115113450941,1.033824884793
2017-06-14,1.023547704176,1.120300000000,0.009065382748,1.273647112324,0.757164098405,0.114963878171,1.030255655692
2017-06-15,1.021451089535,1.116600000000,0.009081740545,1.274075764491,0.753136382032,0.114784432246,1.026853043958
2017-06-16,1.019945274280,1.116700000000,0.008981742138,1.276914456908,0.756264391169,0.114686248331,1.025907211759
2017-06-19,1.022509622631,1.119900000000,0.009012554322,1.279622477662,0.755311256492,0.114928727564,1.030266789328
2017-06-20,1.017877581561,1.115600000000,0.008978672032,1.265670558070,0.753173102890,0.114332564694,1.027823843744
2017-06-21,1.017486168716,1.114700000000,0.008974317688,1.269445393463,0.753023035871,0.113968182562,1.026710877775
2017-06-22,1.018657087637,1.116900000000,0.008987688098,1.266786135559,0.751969299131,0.114339240195,1.027790558572
2017-06-23,1.019827135065,1.117300000000,0.008984400129,1.272478788224,0.755800581749,0.114360286592,1.029674684361
2017-06-26,1.019969057581,1.118700000000,0.008954614584,1.273710577252,0.755266000540,0.114599766437,1.028122415219
2017-06-27,1.025132800809,1.127800000000,0.008939441978,1.276224963223,0.757166834508,0.115461004525,1.036295139208
2017-06-28,1.031601471452,1.137500000000,0.008919469929,1.284947754872,0.764038151531,0.116332583350,1.042334830019
2017-06-29,1.034506294467,1.141300000000,0.008875495762,1.297079213547,0.767673370552,0.117399578254,1.043712848651
2017-06-30,1.036663936976,1.141200000000,0.008933072407,1.297806284330,0.771863375042,0.118384198842,1.044098810613
2017-07-03,1.032185614233,1.136900000000,0.008850225751,1.296277293199,0.770518468316,0.117987089811,1.038928995705
2017-07-04,1.030397080427,1.135300000000,0.008830209225,1.292978759752,0.770739986422,0.117361864889,1.036425050210
2017-07-05,1.028764013555,1.132900000000,0.008806747512,1.291274861800,0.771625119194,0.117712457010,1.034611872146
2017-07-06,1.032543642153,1.138500000000,0.008824897295,1.293558906071,0.773017381858,0.118212023674,1.037357630979
2017-07-07,1.032771364169,1.141200000000,0.008791987673,1.289666395443,0.770768607321,0.118683375799,1.039060366020
2017-07-10,1.030906524453,1.138700000000,0.008760578551,1.287495901315,0.774467795688,0.118398752274,1.034523485055
2017-07-11,1.031862979231,1.140500000000,0.008748849340,1.291356235422,0.774901481180,0.118321402635,1.033061594203
2017-07-12,1.035014048045,1.144900000000,0.008805568374,1.287489457408,0.773163155051,0.118827192527,1.038269701641
2017-07-13,1.036364920916,1.141700000000,0.008838739645,1.294224338264,0.783919252952,0.119637430577,1.036872218690
2017-07-14,1.036796919427,1.141500000000,0.008841982959,1.297409726879,0.785940512256,0.119738180903,1.032938195638
2017-07-17,1.041939515675,1.146200000000,0.008894924725,1.306136402484,0.790373741553,0.120146750524,1.040864511442
2017-07-18,1.047686198451,1.155500000000,0.008925536845,1.301531876549,0.794267253231,0.120794915219,1.048072562358
2017-07-19,1.046875495999,1.153300000000,0.008938231419,1.303384754478,0.793191196699,0.120640599176,1.049026741859
2017-07-20,1.042579082625,1.148500000000,0.008908625504,1.294551274826,0.792779733554,0.120038044274,1.040402210345
2017-07-21,1.052992304348,1.164200000000,0.008974714770,1.299185358777,0.793917075832,0.121027517595,1.053479323138
2017-07-24,1.055583946984,1.164800000000,0.009023162135,1.303637381086,0.798683488755,0.121481388776,1.056987295826
2017-07-25,1.057815118124,1.169400000000,0.008976051581,1.308126852732,0.800520262870,0.122392589879,1.057036970080
2017-07-26,1.053376306195,1.164400000000,0.008939044987,1.304284514142,0.798847420417,0.121665534716,1.044117647059
2017-07-27,1.057743203322,1.169400000000,0.008973296501,1.314257456899,0.800794357324,0.122041327489,1.041132478632
2017-07-28,1.059226769915,1.172900000000,0.008996701695,1.309507859950,0.797240348015,0.123003513188,1.032755128995
2017-07-31,1.060781411636,1.172700000000,0.009041634541,1.311451576828,0.801846153846,0.122894899553,1.032397218065
2017-08-01,1.066230011976,1.181200000000,0.009049260706,1.320661896243,0.801519983714,0.123604323849,1.034869458560
2017-08-02,1.066124792594,1.182900000000,0.009031149794,1.322784456248,0.797048716394,0.123324089326,1.032289030456
2017-08-03,1.066932486729,1.186000000000,0.009059659308,1.313138023428,0.793257976055,0.123422101506,1.031214676985
2017-08-04,1.068299825156,1.186800000000,0.009082421367,1.314576871954,0.795442359249,0.123556786358,1.032538715852
2017-08-07,1.061266784502,1.179700000000,0.009020492430,1.304472825786,0.788622234107,0.122661814401,1.027613240418
2017-08-08,1.063282508471,1.181400000000,0.009066073210,1.302851849401,0.789758673708,0.123088143363,1.029273392577
2017-08-09,1.059501393369,1.173100000000,0.009112164052,1.298567601674,0.788638655462,0.121931192184,1.038785088108
2017-08-10,1.059425018754,1.173200000000,0.009111525318,1.299181644021,0.786169000871,0.122617056856,1.034476677542
2017-08-11,1.062139181825,1.176500000000,0.009162059030,1.297920458933,0.786640813052,0.122446218374,1.039310954064
2017-08-14,1.063159797697,1.179700000000,0.009125154703,1.297300269423,0.787779632721,0.123315737208,1.032831378042
2017-08-15,1.058064218637,1.174400000000,0.009056836585,1.288496351967,0.785026737968,0.123836136448,1.028641499518
2017-08-16,1.055389656010,1.171000000000,0.009022266739,1.286912180058,0.785484303730,0.123497152499,1.026652638962
2017-08-17,1.056849113784,1.169700000000,0.009080816707,1.286869464767,0.792104015711,0.123012367491,1.034126071965
2017-08-18,1.060873124737,1.174000000000,0.009170442118,1.287450103084,0.790093545999,0.123099507183,1.040134668202
2017-08-21,1.062574985497,1.176100000000,0.009176094250,1.287916949561,0.793857576780,0.123574963488,1.035117056856
2017-08-22,1.062081850141,1.177100000000,0.009143944690,1.283460360036,0.795015534243,0.123398679107,1.035814853925
2017-08-23,1.063732756059,1.179900000000,0.009167119882,1.280648627528,0.794652478448,0.123607982819,1.035726825843
2017-08-24,1.064640980925,1.180600000000,0.009147683248,1.283260869565,0.798566017316,0.124119514708,1.037890109890
2017-08-25,1.064016415611,1.180800000000,0.009111814183,1.282321383969,0.799512492383,0.124225432127,1.036698858648
2017-08-28,1.072419224465,1.192500000000,0.009149148381,1.291590850013,0.802166016413,0.125321843308,1.047062955483
2017-08-29,1.080656848098,1.204800000000,0.009206785878,1.295971602216,0.801223648334,0.126338307310,1.058141577376
2017-08-30,1.069668925879,1.191600000000,0.009078857143,1.291763328491,0.796470824143,0.125306272675,1.043249868674
2017-08-31,1.062501974690,1.182500000000,0.009039828759,1.285703412958,0.789913159653,0.124712607311,1.033112004194
2017-09-01,1.071172812166,1.192000000000,0.009079137787,1.294596796090,0.803776129467,0.125767583194,1.041866969670
2017-09-04,1.071632582240,1.190500000000,0.009115620214,1.296064449404,0.805807499662,0.125668985464,1.044389858760
2017-09-05,1.071624284671,1.189000000000,0.009146857451,1.296054065838,0.807086614173,0.125567641778,1.042342421320
2017-09-06,1.075298385041,1.193100000000,0.009183343596,1.304961281008,0.806857374721,0.125576255131,1.046670760593
2017-09-07,1.079524602100,1.197100000000,0.009184440694,1.309694430161,0.820662233496,0.125662639220,1.048983526113
2017-09-08,1.089027721610,1.206000000000,0.009312741313,1.321383179208,0.827330726487,0.126430997610,1.057430951337
2017-09-11,1.082733544506,1.199700000000,0.009201564657,1.321619388598,0.825046420466,0.125353952249,1.051999298492
2017-09-12,1.077824478001,1.193300000000,0.009114030398,1.327688644607,0.824272984734,0.125142887106,1.042729814750
2017-09-13,1.079571600551,1.197900000000,0.009089460505,1.327415976862,0.823751891074,0.125467399843,1.042014613779
2017-09-14,1.073269566409,1.188500000000,0.009034587609,1.333550261997,0.819598648369,0.124652577482,1.033837856646
2017-09-15,1.079825460967,1.196300000000,0.009000150466,1.358767874788,0.823898071625,0.125849481369,1.042073170732
2017-09-18,1.077508189720,1.194800000000,0.008977383725,1.353834997111,0.819422536177,0.125576751274,1.042219120726
2017-09-19,1.077500367077,1.197200000000,0.008971822542,1.350906095552,0.813646866929,0.125675774976,1.037884698743
2017-09-20,1.080359290031,1.200700000000,0.008985257801,1.353969327921,0.816747160057,0.125945350606,1.041189732917
2017-09-21,1.071338733233,1.190500000000,0.008893620200,1.349161378060,0.809203371397,0.125137961844,1.027621924903
2017-09-22,1.076415272366,1.196100000000,0.008925453324,1.356814701378,0.815059625213,0.125432580381,1.032188470832
2017-09-25,1.069804939480,1.186700000000,0.008909828065,1.349473492688,0.811141490089,0.124489902964,1.026379519114
2017-09-26,1.064905959647,1.178700000000,0.008930221987,1.342865280547,0.807052379322,0.123458988405,1.029252532309
2017-09-27,1.060311553248,1.174100000000,0.008854449472,1.340832524410,0.806719802116,0.122448766752,1.025325299101
2017-09-28,1.062739533094,1.177800000000,0.008885033193,1.343983568209,0.802097521111,0.122943632568,1.027748691099
2017-09-29,1.063806640207,1.180600000000,0.008888721578,1.338882714509,0.803840130728,0.122354648150,1.030461726455
2017-10-02,1.058676586532,1.174400000000,0.008863396226,1.328236331969,0.799292179950,0.122263286659,1.030265812791
2017-10-03,1.058672816243,1.175300000000,0.008852150335,1.323640377057,0.799959161448,0.122842957930,1.026552537340
2017-10-04,1.062399496668,1.178700000000,0.008897863667,1.327843366979,0.803038561112,0.123521089861,1.028893156425
2017-10-05,1.058669932856,1.174200000000,0.008892086331,1.317061680482,0.801228249744,0.123346814434,1.023535564854
2017-10-06,1.054200393317,1.170700000000,0.008853512819,1.307533366840,0.795258474288,0.122691735312,1.020395711671
2017-10-09,1.057875131491,1.174600000000,0.008874282261,1.316889960200,0.797366098703,0.123190837773,1.021657823780
2017-10-10,1.061797742159,1.179700000000,0.008900037722,1.319427357119,0.800067819600,0.123833517031,1.023867384135
2017-10-11,1.063744642354,1.183000000000,0.008913502110,1.318693568164,0.799432355724,0.124117381679,1.026553280111
2017-10-12,1.064560735311,1.185600000000,0.008906250000,1.313902587688,0.801893811295,0.123650699290,1.026315789474
2017-10-13,1.063090520271,1.181000000000,0.008913880293,1.327264553832,0.800081295305,0.122956793337,1.024018035203
2017-10-16,1.063346897313,1.180300000000,0.008942344117,1.329870539587,0.797500000000,0.123095374668,1.025099878409
2017-10-17,1.059393434057,1.175900000000,0.008912384417,1.319042491138,0.797707075504,0.122728648513,1.022166203060
2017-10-18,1.057300980797,1.174900000000,0.008859146433,1.315928004211,0.798165760870,0.122455573506,1.017141373041
2017-10-19,1.063077091910,1.183400000000,0.008885718576,1.317597283305,0.802686020484,0.122702058168,1.025387748029
2017-10-20,1.060792783053,1.181800000000,0.008835887850,1.318634725461,0.800406366407,0.122536160506,1.019056652583
2017-10-23,1.054282927986,1.174000000000,0.008788082940,1.317768548659,0.791371755982,0.121733720448,1.013729384336
2017-10-24,1.055022599891,1.176100000000,0.008780141844,1.316977033246,0.790655462185,0.121907229852,1.012744338242
2017-10-25,1.056126045193,1.178500000000,0.008767948813,1.325900340898,0.787609436610,0.121672964546,1.008126603935
2017-10-26,1.053358276475,1.175300000000,0.008787289720,1.320413436693,0.781397513463,0.120893250221,1.006422332591
2017-10-27,1.042847062792,1.160500000000,0.008757168729,1.309331738743,0.775683443620,0.119160078037,0.997678817056
2017-10-30,1.045807249115,1.161200000000,0.008808313737,1.319845419414,0.778388523931,0.119600370790,1.000775661467
2017-10-31,1.047315925593,1.163800000000,0.008816666667,1.324712872640,0.775659824047,0.119468254376,1.001376699363
2017-11-01,1.044769281842,1.161200000000,0.008757164404,1.328832179436,0.774856532764,0.119054698313,0.997594501718
2017-11-02,1.045694324688,1.164500000000,0.008762227239,1.313000338257,0.778409090909,0.119295190288,0.999828281961
2017-11-03,1.047322028789,1.165700000000,0.008776539678,1.310909438503,0.786041807148,0.119055886919,1.001890846584
2017-11-06,1.043237239013,1.159000000000,0.008761055257,1.311234302523,0.783796578075,0.118649099639,0.999741223152
2017-11-07,1.041919988311,1.156200000000,0.008757100659,1.313296531043,0.783280265565,0.118653982328,1.000432638228
2017-11-08,1.044723800142,1.159000000000,0.008811008058,1.311011820598,0.785602928218,0.119130828057,1.000777134962
2017-11-09,1.047504770271,1.163000000000,0.008827324478,1.312152358602,0.786927396982,0.119459709311,1.003537837605
2017-11-10,1.049587691904,1.165400000000,0.008823440339,1.318773339369,0.789245564134,0.119614081905,1.005435251488
2017-11-13,1.048516008501,1.165600000000,0.008825622776,1.309398099261,0.787088932406,0.119297886495,1.005607799155
2017-11-14,1.052532384228,1.174500000000,0.008811613774,1.311045375900,0.786513091810,0.118750315960,1.008760628704
2017-11-15,1.058820079392,1.184000000000,0.008872236793,1.316872427984,0.783950208568,0.118722926360,1.014132762313
2017-11-16,1.054935244180,1.177100000000,0.008842397837,1.319870378884,0.783427620632,0.119057733544,1.007273660791
2017-11-17,1.056774546439,1.179500000000,0.008880439693,1.319572635230,0.783564737926,0.118610661384,1.008464432285
2017-11-20,1.057033901741,1.178100000000,0.008918243755,1.324600854509,0.781959378734,0.118300948938,1.008992805755
2017-11-21,1.052819086095,1.171800000000,0.008886024115,1.324097719722,0.780887644942,0.117800810270,1.006614552014
2017-11-22,1.056190647614,1.174900000000,0.008927133197,1.322936606238,0.784888770125,0.118895342954,1.012059608924
2017-11-23,1.064375858463,1.184800000000,0.008990059944,1.331161170721,0.788604898829,0.120357578220,1.020235942478
2017-11-24,1.065537350846,1.187700000000,0.008981397459,1.332697486535,0.786921089247,0.120409983982,1.019484978541
2017-11-27,1.070399319835,1.195200000000,0.009007460999,1.337286713287,0.788598574822,0.120411041709,1.019969278034
2017-11-28,1.064956079408,1.188800000000,0.008989715668,1.327704438339,0.781693845345,0.120008075914,1.017808219178
2017-11-29,1.061342204818,1.182700000000,0.008943587417,1.339517289026,0.779322614655,0.119283913263,1.013974622771
2017-11-30,1.061831689744,1.184900000000,0.008903666967,1.346706825027,0.776118425362,0.119435932586,1.012821608685
2017-12-01,1.063672549463,1.188500000000,0.008889304413,1.348805538217,0.776746617868,0.119462844392,1.016593961167
2017-12-04,1.063831297288,1.186500000000,0.008860428646,1.352522086064,0.789211121458,0.119084659005,1.017145306472
2017-12-05,1.062766736693,1.184700000000,0.008882807228,1.343456221721,0.791594280369,0.118850321027,1.014906193781
2017-12-06,1.061281981441,1.181700000000,0.008917144582,1.337748344371,0.789748045178,0.119044980607,1.011902723069
2017-12-07,1.057060881996,1.178600000000,0.008869656833,1.338284053232,0.778930672130,0.118383253983,1.007350427350
2017-12-08,1.053582021248,1.174200000000,0.008811346240,1.341559554413,0.779060509554,0.117690688584,1.003246753247
2017-12-11,1.056147920883,1.179600000000,0.008825377824,1.336657223796,0.777689873418,0.117771565495,1.010017980992
2017-12-12,1.054723651427,1.176600000000,0.008810843193,1.336013080801,0.779308517684,0.118456024485,1.008139833776
2017-12-13,1.053249192958,1.173600000000,0.008824723663,1.335077640635,0.777630532733,0.118473652332,1.007641452735
2017-12-14,1.061146606582,1.184500000000,0.008879976010,1.343534135635,0.779481442485,0.119059585076,1.013606024303
2017-12-15,1.059680204699,1.180600000000,0.008913552284,1.337744892525,0.783410749834,0.118554371730,1.011740509041
2017-12-18,1.057752388209,1.179500000000,0.008891150309,1.337180301106,0.776753375041,0.118437964413,1.012272571232
2017-12-19,1.058977906584,1.182300000000,0.008874127449,1.335932203390,0.777470901558,0.118814567673,1.015459933007
2017-12-20,1.059816644982,1.184500000000,0.008829010137,1.341145833333,0.778201169437,0.119491969978,1.012220133311
2017-12-21,1.059722795552,1.185900000000,0.008811204399,1.336029651995,0.781019494204,0.118775289452,1.011428571429
2017-12-22,1.060790670139,1.185300000000,0.008821165439,1.338293740403,0.787208607292,0.119333111843,1.010055389859
2017-12-27,1.064434510958,1.189500000000,0.008830734967,1.342656869053,0.791522491349,0.120483758242,1.010448521916
2017-12-28,1.067793764337,1.193400000000,0.008857058038,1.344403388609,0.793009502293,0.121216430342,1.019651401230
2017-12-29,1.072831844042,1.199300000000,0.008883045700,1.351735175772,0.797459937496,0.121833031959,1.024867544010
2018-01-02,1.077928183874,1.206500000000,0.008913926856,1.356334243927,0.797527763088,0.122757750577,1.029612561871
2018-01-03,1.075636366600,1.202300000000,0.008907905460,1.356385379061,0.799029706918,0.122371501272,1.024454669393
2018-01-04,1.076939525890,1.206500000000,0.008876545026,1.354050929823,0.798266507873,0.122836489513,1.025673722690
2018-01-05,1.074988060139,1.204500000000,0.008827409307,1.355152278838,0.799376161402,0.122510628776,1.024496044909
2018-01-08,1.072176074401,1.197300000000,0.008846608541,1.354212615792,0.804637096774,0.121968114909,1.022546758903
2018-01-09,1.070400445021,1.193200000000,0.008883925248,1.351761640421,0.804802374207,0.121398339573,1.017481026691
2018-01-10,1.075603820461,1.199200000000,0.008974704386,1.352430359761,0.803161208224,0.122230149832,1.022771855011
2018-01-11,1.075335634225,1.201700000000,0.008955212758,1.349087847320,0.796196912476,0.122368970398,1.023943421950
2018-01-12,1.084345497677,1.213700000000,0.008998368921,1.363968398458,0.798802158747,0.123406202339,1.029693730381
2018-01-15,1.094963488357,1.227700000000,0.009039835064,1.378772053951,0.804363493415,0.124848731377,1.040511907789
2018-01-16,1.092119999512,1.223000000000,0.009032496307,1.376322304749,0.804922995919,0.124506250764,1.036880033913
2018-01-17,1.090395503467,1.220300000000,0.009025220028,1.377811399151,0.803621995390,0.123982727965,1.036436215390
2018-01-18,1.092368291427,1.223500000000,0.008991695451,1.387062397968,0.803401405214,0.124459590051,1.041453864488
2018-01-19,1.094535129672,1.225500000000,0.009041611332,1.386861313869,0.803817394726,0.124627541110,1.042269093383
2018-01-22,1.093149319239,1.223900000000,0.009021819254,1.389453368905,0.801506221349,0.124455969087,1.040377422645
2018-01-23,1.094627851087,1.224900000000,0.009049870706,1.394625982011,0.801164235725,0.124427333584,1.039901519654
2018-01-24,1.105641581192,1.235200000000,0.009140827351,1.416789970522,0.811084115832,0.125626760778,1.052577758841
2018-01-25,1.110598987912,1.240700000000,0.009182208407,1.425469335233,0.811498462947,0.126359636615,1.062243150685
2018-01-26,1.111545461304,1.243600000000,0.009147480691,1.423942291178,0.811484502447,0.126891485128,1.069119669876
2018-01-29,1.107958462766,1.237900000000,0.009186641929,1.407664316579,0.810727618050,0.126544882083,1.070569921301
2018-01-30,1.111094889022,1.242100000000,0.009202104015,1.412600932560,0.811617877679,0.126971633018,1.071792216757
2018-01-31,1.113517260355,1.245700000000,0.009186578171,1.417017404163,0.814715500327,0.127574376568,1.071017109449
2018-02-01,1.112288120353,1.245900000000,0.009119455424,1.423560329068,0.811767005473,0.127093746812,1.073774023959
2018-02-02,1.113571654734,1.249200000000,0.009103629209,1.421969265794,0.811854162605,0.127179988394,1.077268023456
2018-02-05,1.108104280879,1.244000000000,0.009102217019,1.404570499503,0.804241013706,0.126502471069,1.072506250539
2018-02-06,1.099974025443,1.232900000000,0.009134622509,1.387073184452,0.796035640496,0.124932867204,1.065508599084
2018-02-07,1.101479459038,1.233800000000,0.009150103827,1.391372991260,0.798834574296,0.125150885023,1.062704565030
2018-02-08,1.096423436720,1.225200000000,0.009122180031,1.400020568373,0.795481106350,0.123797591141,1.060320207702
2018-02-09,1.097080826793,1.227300000000,0.009187064900,1.383029073698,0.793085621971,0.123411229990,1.067217391304
2018-02-12,1.097330449280,1.226300000000,0.009204383397,1.384085778781,0.794905036624,0.123625182721,1.066069720942
2018-02-13,1.102844208921,1.233300000000,0.009285499172,1.386743127003,0.793425115800,0.124089427295,1.070387085575
2018-02-14,1.104819647289,1.234800000000,0.009326283988,1.386792452830,0.795208655332,0.124344192135,1.071968052782
2018-02-15,1.116754897036,1.249300000000,0.009385470663,1.409090909091,0.800628044091,0.125962895745,1.082113469034
2018-02-16,1.115316199263,1.246400000000,0.009418165332,1.403556186165,0.799640726246,0.125721202340,1.081850533808
2018-02-19,1.110914764853,1.241000000000,0.009384452511,1.400835308726,0.795920985121,0.125157581564,1.077911925649
2018-02-20,1.105150246626,1.234000000000,0.009330812854,1.399600762181,0.793416061210,0.123786212985,1.069602149606
2018-02-21,1.101668878732,1.231200000000,0.009298391360,1.391768309915,0.789180180758,0.123554913295,1.065881741841
2018-02-22,1.100066333052,1.227600000000,0.009337491443,1.389583781398,0.787478350119,0.122805438012,1.066736183525
2018-02-23,1.102537480561,1.229900000000,0.009368525289,1.398567204912,0.787690534136,0.122277124365,1.069013472403
2018-02-26,1.104087567856,1.232000000000,0.009361702128,1.402869505807,0.788883908561,0.122666401155,1.068516912402
2018-02-27,1.100930707587,1.230100000000,0.009335205282,1.391515837104,0.786157090816,0.122033730159,1.066036918277
2018-02-28,1.094946908017,1.221400000000,0.009343635251,1.381439800939,0.782547411584,0.121022958097,1.060243055556
2018-03-01,1.091673284440,1.217100000000,0.009363748269,1.374943515590,0.777500958222,0.120284627168,1.056602135602
2018-03-02,1.102087810659,1.231200000000,0.009487554905,1.378414688760,0.776390465380,0.121129836782,1.069492703266
2018-03-05,1.101136557846,1.230700000000,0.009465466851,1.381722240934,0.773344225211,0.121033014368,1.065633388172
2018-03-06,1.106746733454,1.241100000000,0.009413683252,1.391913867549,0.776027011818,0.121873619090,1.067521073456
2018-03-07,1.106704093091,1.241700000000,0.009449052584,1.387172812888,0.773355754858,0.121279899983,1.063736828579
2018-03-08,1.106503050789,1.242100000000,0.009421982857,1.388364164757,0.774183495388,0.121568320398,1.058818515046
2018-03-09,1.098006903899,1.229100000000,0.009360292438,1.382673551348,0.775555275114,0.120917283173,1.050961949551
2018-03-12,1.100300415892,1.230200000000,0.009387973138,1.388644316514,0.779495627931,0.121126788299,1.053163256570
2018-03-13,1.104390259335,1.237800000000,0.009355301942,1.396277495770,0.778980490875,0.121869092628,1.058853721129
2018-03-14,1.103915263226,1.236900000000,0.009386810351,1.395577118357,0.773400862878,0.122156930522,1.056818181818
2018-03-15,1.102943987716,1.234100000000,0.009427807487,1.394778481013,0.770109204368,0.122257115402,1.055778937463
2018-03-16,1.100413464110,1.230100000000,0.009447047078,1.393833637383,0.764654690122,0.122039783719,1.051187831140
2018-03-19,1.101215062133,1.230900000000,0.009421354765,1.405249277910,0.764296802235,0.122067077887,1.050524878382
2018-03-20,1.098487229427,1.227600000000,0.009391064871,1.399532577096,0.765336658354,0.122072730527,1.047350908626
2018-03-21,1.100600797072,1.228600000000,0.009414559387,1.405672574168,0.770427039569,0.121784641615,1.049278332906
2018-03-22,1.105043283133,1.231600000000,0.009492100193,1.412385321101,0.775127446661,0.121699604743,1.055265187216
2018-03-23,1.107330587518,1.234600000000,0.009515954987,1.414446926734,0.778043861860,0.121106893068,1.054943176963
2018-03-26,1.111227233495,1.241100000000,0.009512531616,1.422496790757,0.775832968682,0.121834138297,1.057245080501
2018-03-27,1.106320520089,1.237600000000,0.009444444444,1.407323174892,0.775973415261,0.121148048083,1.052023121387
2018-03-28,1.107365715040,1.239800000000,0.009420972644,1.415216026483,0.776136221360,0.120603112840,1.050588933141
2018-03-29,1.101851545670,1.232100000000,0.009394586352,1.408275231455,0.775149418056,0.119803973046,1.046014092877
2018-04-03,1.101663293116,1.230800000000,0.009412664423,1.406258926225,0.778100897711,0.119532281874,1.045265392781
2018-04-04,1.099520791625,1.227600000000,0.009411945105,1.401801925251,0.779131759330,0.118982311606,1.042459239130
2018-04-05,1.097640085422,1.226000000000,0.009340240744,1.402826248641,0.782936330545,0.118867558658,1.039335367921
2018-04-06,1.095484439734,1.223400000000,0.009316174231,1.401454837047,0.781725239617,0.118796306186,1.036955416172
2018-04-09,1.101089326324,1.230400000000,0.009345283305,1.412823810399,0.782398575607,0.119502719503,1.043596268024
2018-04-10,1.105665845129,1.236100000000,0.009344572120,1.417822281867,0.790092681368,0.120178892616,1.048253052917
2018-04-11,1.107462213173,1.238400000000,0.009363375170,1.417582417582,0.792576000000,0.120393144279,1.044622522143
2018-04-12,1.103471833165,1.232300000000,0.009332777946,1.420600610986,0.794161242508,0.118806822016,1.037638935669
2018-04-13,1.102782617254,1.231700000000,0.009286037394,1.425578703704,0.795569047927,0.118663172701,1.039058545639
2018-04-16,1.106339151108,1.237000000000,0.009316863749,1.430636673799,0.793152090280,0.118890864530,1.041421114666
2018-04-17,1.106602876962,1.235700000000,0.009336607480,1.432197496523,0.796660434530,0.118916786158,1.037705744038
2018-04-18,1.106849767587,1.238800000000,0.009326908598,1.422191607830,0.795530439250,0.119077600377,1.034143083730
2018-04-19,1.106316148528,1.238200000000,0.009318181818,1.423627479161,0.793412789953,0.119312378346,1.033901135605
2018-04-20,1.099947819593,1.230900000000,0.009296125670,1.405008675007,0.791219386771,0.118694734000,1.028320802005
2018-04-23,1.093069723900,1.223800000000,0.009244598882,1.396394340484,0.782030800690,0.117941848250,1.024872288753
2018-04-24,1.090186833183,1.221300000000,0.009188233524,1.396282068871,0.779785468012,0.117687304264,1.022521768252
2018-04-25,1.087094236826,1.218500000000,0.009159588063,1.394483863584,0.775916963831,0.116916138937,1.016602703154
2018-04-26,1.086653925950,1.216800000000,0.009157823436,1.397014925373,0.779101037265,0.116464710274,1.016032064128
2018-04-27,1.078582658927,1.207000000000,0.009147404320,1.376282782212,0.776255707763,0.114757839092,1.009197324415
2018-04-30,1.078878239103,1.207900000000,0.009142446261,1.373237835380,0.777184403552,0.115045764956,1.009274732620
2018-05-02,1.073166511655,1.200700000000,0.009107251214,1.363811903680,0.779624699695,0.113087949969,1.004181650916
2018-05-03,1.072864886663,1.199200000000,0.009152102572,1.359945565888,0.778499091145,0.113084068084,1.002843284830
2018-05-04,1.071835696402,1.196900000000,0.009180793127,1.356491188304,0.776703439325,0.113219505274,1.001589958159
2018-05-07,1.067026495741,1.190200000000,0.009144832885,1.352346324281,0.775981223106,0.112940417335,0.994817786693
2018-05-08,1.065338036940,1.187000000000,0.009169563538,1.349937450245,0.770879334979,0.113306605575,0.996976314463
2018-05-09,1.066817424922,1.187900000000,0.009120853808,1.358453885299,0.776455977515,0.114802895441,0.998654897016
2018-05-10,1.067177217183,1.187800000000,0.009121486715,1.352693315112,0.782889533351,0.115152690257,0.997480685254
2018-05-11,1.071622389849,1.193400000000,0.009149034039,1.356136363636,0.785286569718,0.116276124129,1.000083801223
2018-05-14,1.074016894655,1.198800000000,0.009132322694,1.358567543064,0.783478204039,0.116435828202,1.001922273297
2018-05-15,1.066257680548,1.188300000000,0.009086946547,1.351877133106,0.779059857077,0.115449634696,0.997732997481
2018-05-16,1.060298092903,1.178400000000,0.009076484634,1.348006131460,0.777257436845,0.114515611790,0.999321573948
2018-05-17,1.061505531702,1.180500000000,0.009034899740,1.351459645106,0.782980699078,0.114667314230,0.998815466622
2018-05-18,1.059415292519,1.178100000000,0.009014461703,1.349098196393,0.781544381053,0.114297633716,1.000679520938
2018-05-21,1.056641928203,1.175900000000,0.008987312748,1.341738931995,0.776735583592,0.114660426113,1.000510507955
2018-05-22,1.060608375138,1.179400000000,0.009023718439,1.344995894535,0.782822248772,0.115448618806,1.004770829784
2018-05-23,1.055367117126,1.170800000000,0.009103491175,1.331165508851,0.774902376067,0.113773735254,1.009484393861
2018-05-24,1.058173287013,1.172800000000,0.009129690176,1.340725921692,0.776123353848,0.114399422540,1.010424743689
2018-05-25,1.054622643003,1.167500000000,0.009141089884,1.333676033813,0.771849795055,0.114548380134,1.007073233848
2018-05-28,1.052439831969,1.164400000000,0.009144742009,1.331275367290,0.770411538970,0.113740927784,1.005787336961
2018-05-29,1.047492702357,1.155800000000,0.009181760407,1.326325694548,0.767565413734,0.112025433011,1.003559954849
2018-05-30,1.052301673831,1.163200000000,0.009176396340,1.329371428571,0.770688398595,0.113170465933,1.010336141753
2018-05-31,1.057603444727,1.169900000000,0.009187936857,1.334283759124,0.777962495013,0.113933172969,1.015009543640
2018-06-01,1.053475391973,1.166900000000,0.009134961641,1.330862226277,0.770637960639,0.113353992015,1.011967739138
2018-06-04,1.058635085759,1.173700000000,0.009138118966,1.338724578833,0.774821758648,0.114414669097,1.016542525550
2018-06-05,1.054019858169,1.167500000000,0.009115396627,1.335965213411,0.770220345692,0.113904661554,1.013894919670
2018-06-06,1.059147335367,1.176500000000,0.009080033958,1.341765222449,0.776567656766,0.114490073959,1.011694900679
2018-06-07,1.063019373663,1.183600000000,0.009086442500,1.343122680798,0.772938026513,0.115456274692,1.019202617756
2018-06-08,1.058795825842,1.175400000000,0.009137126866,1.339746731561,0.769543014273,0.114260717410,1.015727618389
2018-06-11,1.059493522914,1.179000000000,0.009095818547,1.337037877070,0.768178264269,0.114990734419,1.013670363683
2018-06-12,1.059259494486,1.178800000000,0.009065600246,1.336886872696,0.768699054451,0.116080748400,1.014894532932
2018-06-13,1.057275138898,1.176400000000,0.009047142967,1.333635642217,0.768236139228,0.116061562747,1.012741046832
2018-06-14,1.056780152337,1.173000000000,0.009082462253,1.337773570704,0.770595191171,0.115452755906,1.012516184722
2018-06-15,1.046416704229,1.159600000000,0.009037487335,1.327989005955,0.761742100769,0.114007059078,1.001814254860
2018-06-18,1.046870216775,1.161300000000,0.009053558899,1.324853117335,0.758672502777,0.113604570400,1.005106456638
2018-06-19,1.041584138968,1.153400000000,0.009097649472,1.315270318041,0.752921208956,0.111734333072,1.002869315712
2018-06-20,1.044004859678,1.157800000000,0.009088625481,1.317508363868,0.751915833225,0.112675782200,1.003553783479
2018-06-21,1.040768769479,1.153800000000,0.009043028451,1.320590591736,0.750146284377,0.111750348675,1.003653444676
2018-06-22,1.048773824823,1.164800000000,0.009078721746,1.328724775561,0.753476939000,0.113142302088,1.009883821744
2018-06-25,1.052258837178,1.170000000000,0.009125653225,1.328941390277,0.752798867585,0.112909296199,1.013074725084
2018-06-26,1.050049179747,1.167200000000,0.009122313404,1.323956442831,0.750659206380,0.112900573595,1.011175604262
2018-06-27,1.045404952116,1.161600000000,0.009069331668,1.317410091525,0.752185456194,0.112228631054,1.006934812760
2018-06-28,1.042597366858,1.158300000000,0.009075452480,1.308517849074,0.752240550721,0.111170830494,1.002336448598
2018-06-29,1.046666756301,1.165800000000,0.009034407936,1.315727103437,0.754954021500,0.111527791065,1.007692972599
2018-07-02,1.045815303165,1.163900000000,0.009032283098,1.312915961647,0.758636422891,0.111388649632,1.006572688749
2018-07-03,1.048738146013,1.166500000000,0.009036331242,1.320316921336,0.760232012513,0.113117345306,1.007949537717
2018-07-04,1.048199150552,1.164200000000,0.009050062189,1.321332909611,0.760616751601,0.113569407863,1.007354849875
2018-07-05,1.052130888156,1.170900000000,0.009039604725,1.325897406862,0.761610511253,0.114387034378,1.008266597778
2018-07-06,1.052492542190,1.172400000000,0.009042807559,1.323325244088,0.761447035137,0.113924788650,1.007735946364
2018-07-09,1.057842294348,1.178900000000,0.009053836111,1.334427528440,0.764774570224,0.114960798845,1.012278894041
2018-07-10,1.051143149728,1.171300000000,0.008989255564,1.325929950871,0.761474450657,0.114342333900,1.005494033823
2018-07-11,1.052204717065,1.173500000000,0.008990270436,1.326258448046,0.760975293431,0.114214803640,1.007036814554
2018-07-12,1.044808245136,1.165800000000,0.008890414093,1.320825260868,0.758539918017,0.112801161103,1.001374334307
2018-07-13,1.043041454452,1.164300000000,0.008885073260,1.315771630052,0.758106524287,0.112210871241,0.994788106630
2018-07-16,1.049291953650,1.172000000000,0.008902392708,1.327744420528,0.761088382362,0.113419720709,1.002051983584
2018-07-17,1.047529596314,1.170700000000,0.008881723693,1.319470273316,0.760046744141,0.113656883780,1.005065247253
2018-07-18,1.039832309408,1.161100000000,0.008868774824,1.302879328531,0.754499967509,0.112596974399,1.000000000000
2018-07-19,1.037473201092,1.158800000000,0.008847152237,1.297677439584,0.754869389616,0.111891082895,0.997074513853
2018-07-20,1.043946173094,1.167000000000,0.008912478998,1.304712393091,0.755682186104,0.112310890403,1.003180606894
2018-07-23,1.050100868396,1.171600000000,0.008999846367,1.313894807671,0.761421979593,0.113211193568,1.008782503875
2018-07-24,1.049393230403,1.170600000000,0.009000461326,1.312655587701,0.760475540830,0.113344565154,1.006881128505
2018-07-25,1.049305204368,1.169000000000,0.009006163328,1.315626582635,0.762010299198,0.113577847948,1.007932402138
2018-07-26,1.051841788646,1.171600000000,0.009018551305,1.318478505514,0.766402825931,0.114037649166,1.008608815427
2018-07-27,1.045212975989,1.162500000000,0.008994197292,1.308782635128,0.765155005595,0.112853121056,1.002414417522
2018-07-30,1.049280142779,1.168400000000,0.009002234379,1.311777253845,0.766415218104,0.113986907700,1.007415071564
2018-07-31,1.051860142866,1.173600000000,0.008969734026,1.315400134499,0.767159105765,0.114419420883,1.012422360248
2018-08-01,1.048798694708,1.169600000000,0.008941212446,1.313566936208,0.767907556956,0.113558910627,1.009232893261
2018-08-02,1.044237450433,1.161700000000,0.008975507997,1.303157776656,0.767102482831,0.112783122822,1.005800865801
2018-08-03,1.042293512368,1.158800000000,0.008962103635,1.301291409321,0.768180311568,0.112294438576,1.005204718945
2018-08-06,1.039305697298,1.154300000000,0.008970313957,1.292898745520,0.767895156998,0.112024456522,1.002605750022
2018-08-07,1.043833850013,1.160200000000,0.009002172564,1.296559122962,0.771050707782,0.112373480556,1.006244579358
2018-08-08,1.041133103936,1.158900000000,0.009003262896,1.286451684520,0.764546773981,0.111563564951,1.003898128898
2018-08-09,1.041875197457,1.159300000000,0.008997981993,1.288970424728,0.767189464628,0.111605294826,1.007036136206
2018-08-10,1.033368978383,1.145600000000,0.009015503266,1.277502090884,0.763631515798,0.109881256115,1.005706259328
2018-08-13,1.030717571232,1.140300000000,0.009042106098,1.276502854584,0.760402774073,0.109546271123,1.005732933498
2018-08-14,1.031363023784,1.140600000000,0.009022306597,1.277267637178,0.765041250252,0.109971268247,1.009559214020
2018-08-15,1.025411078440,1.132100000000,0.009008514363,1.270167171547,0.763230634396,0.108821239414,1.002834617770
2018-08-16,1.027871433177,1.137000000000,0.009022377400,1.270419450714,0.760942310266,0.108634378911,1.006283741924
2018-08-17,1.029662561312,1.139100000000,0.009058449304,1.271671783422,0.760616987179,0.108552913708,1.004674545775
2018-08-20,1.031888102508,1.142000000000,0.009045544554,1.276291378886,0.765056608830,0.108846909015,1.004751011790
2018-08-21,1.037379767994,1.150200000000,0.009055979844,1.281702696679,0.767926291895,0.109419890028,1.011431586352
2018-08-22,1.044789248677,1.161600000000,0.009069331668,1.291700026688,0.767949226497,0.110549607423,1.018857994913
2018-08-23,1.041415734042,1.157900000000,0.009024238173,1.288301920381,0.767380210750,0.110084329217,1.017218659404
2018-08-24,1.040186839683,1.158800000000,0.008985035280,1.284700665188,0.765238063792,0.109482913372,1.016669591156
2018-08-27,1.043311145928,1.163300000000,0.009006658408,1.287334698169,0.766236332499,0.109647014468,1.017938396920
2018-08-28,1.048656494261,1.171000000000,0.009005614089,1.291354212616,0.774061343205,0.109815910647,1.024765905312
2018-08-29,1.045063165655,1.166000000000,0.008987897942,1.288397790055,0.772543563241,0.109050438166,1.024154589372
2018-08-30,1.048163825720,1.169200000000,0.008971761817,1.302613694601,0.773433882384,0.109845922585,1.031131493077
2018-08-31,1.046156192571,1.165100000000,0.009028283611,1.298306217963,0.766916798315,0.109702933007,1.032798510770
2018-09-03,1.042184163270,1.160900000000,0.008997132450,1.287628385723,0.765008237232,0.109719675633,1.030262690806
2018-09-04,1.038443655340,1.156200000000,0.008990668740,1.283839303560,0.758960220559,0.109441999148,1.026729420123
2018-09-05,1.038897344769,1.158200000000,0.008966478284,1.282215924187,0.758828539606,0.109877808136,1.026045357902
2018-09-06,1.043005057969,1.163400000000,0.008980316480,1.295199501247,0.758508280089,0.109850058541,1.031840354767
2018-09-07,1.044280856151,1.161500000000,0.009022059966,1.301036124335,0.762239138995,0.110447590883,1.035481857894
2018-09-10,1.040417690043,1.157100000000,0.009001867123,1.295164539960,0.757859575583,0.110533706524,1.026981450253
2018-09-11,1.040758754047,1.157400000000,0.008984629716,1.299456594961,0.759897577309,0.110386266094,1.026427811281
2018-09-12,1.041971444687,1.158500000000,0.008971579029,1.301276003055,0.765343198784,0.110607217873,1.027312228430
2018-09-13,1.044647086976,1.162000000000,0.008960518199,1.305617977528,0.768925357332,0.111238751675,1.031513537506
2018-09-14,1.047949826957,1.168900000000,0.008939961759,1.310014793563,0.768709719847,0.110838232505,1.036810360121
2018-09-17,1.047301583872,1.167100000000,0.008923465097,1.313192686357,0.768182715724,0.111655361773,1.038714845141
2018-09-18,1.048752442822,1.169700000000,0.008914716866,1.314816271933,0.767670801339,0.112277906296,1.040195642508
2018-09-19,1.047258360138,1.166700000000,0.008910187872,1.313659036402,0.770811310782,0.112314445792,1.032112526539
2018-09-20,1.055159226057,1.176900000000,0.008917260191,1.328479512360,0.775603005140,0.113875181422,1.040399575672
2018-09-21,1.052629295277,1.175900000000,0.008878737542,1.315324384787,0.773771139041,0.113816967526,1.047292483078
2018-09-24,1.053149592467,1.177300000000,0.008881261316,1.316036575823,0.772963035914,0.113679595995,1.042781222321
2018-09-25,1.052835772590,1.177700000000,0.008869558668,1.316969527537,0.771655091076,0.113770951070,1.035249648383
2018-09-26,1.050167513798,1.173700000000,0.008850765402,1.317579703637,0.771460496911,0.113113537581,1.032368721963
2018-09-27,1.047961341749,1.170700000000,0.008858872493,1.315792431412,0.765113391282,0.113431129370,1.029548852344
2018-09-28,1.039536267760,1.157600000000,0.008821153700,1.304632029753,0.768454593733,0.112290231836,1.022976316720
2018-10-01,1.041258910237,1.160600000000,0.008775803403,1.302903073711,0.780655142261,0.112352371733,1.016821447345
2018-10-02,1.037179854437,1.154300000000,0.008780617678,1.296339970576,0.780196012166,0.111188171266,1.016646115906
2018-10-03,1.037502253152,1.154800000000,0.008783752947,1.299060689578,0.779217273954,0.111257767715,1.011917280056
2018-10-04,1.034051768096,1.150200000000,0.008759424263,1.298487243170,0.777162162162,0.110580204778,1.008151459374
2018-10-05,1.034712893240,1.150600000000,0.008781195146,1.305053025577,0.774189207375,0.110170627549,1.006385025803
2018-10-08,1.033458365516,1.147800000000,0.008821766198,1.304169980684,0.769560844787,0.109876224118,1.007195507196
2018-10-09,1.031367525211,1.143500000000,0.008833526458,1.304174270073,0.769463696925,0.109483460194,1.004744750022
2018-10-10,1.035883053960,1.150000000000,0.008830530600,1.315067239960,0.771449654525,0.109732824427,1.007711181213
2018-10-11,1.041899275213,1.157500000000,0.008903846154,1.323008343811,0.766454774202,0.111169804072,1.012685914261
2018-10-12,1.042046512269,1.157400000000,0.008903761828,1.320629849384,0.768832204065,0.111725695752,1.009067131648
2018-10-15,1.042585799942,1.158100000000,0.008940785918,1.315350105060,0.767716274445,0.111441493457,1.013388169408
2018-10-16,1.043908806336,1.158700000000,0.008918565271,1.322822599979,0.771952031979,0.112315223186,1.012495630898
2018-10-17,1.039347878624,1.153000000000,0.008908290195,1.311046676900,0.770876512670,0.111781130027,1.006723129311
2018-10-18,1.036810358857,1.150500000000,0.008888288010,1.309723028585,0.766540075954,0.111342301365,1.004715745350
2018-10-19,1.034454011123,1.147000000000,0.008888027896,1.303112928880,0.767378069178,0.110973509549,1.004290342352
2018-10-22,1.034552895677,1.149400000000,0.008866774666,1.299858637263,0.764025525126,0.111257380699,1.003317039106
2018-10-23,1.034746254091,1.147800000000,0.008914259087,1.302793321453,0.762809862431,0.110785089667,1.004726890756
2018-10-24,1.028193749024,1.138900000000,0.008872010594,1.290786893793,0.764362416107,0.109943044695,1.001406840763
2018-10-25,1.030211246216,1.141600000000,0.008899976612,1.289462686230,0.766534613577,0.109843163668,1.000788989217
2018-10-26,1.025221392821,1.134500000000,0.008923936128,1.279318899414,0.760592652186,0.109060322038,0.998064572886
2018-10-29,1.027155721053,1.138100000000,0.008896966854,1.281817362707,0.762955017765,0.109527475700,0.999736472242
2018-10-30,1.025078250043,1.137200000000,0.008864982850,1.275631534078,0.761127099926,0.109136276392,0.998770419814
2018-10-31,1.021332601361,1.131800000000,0.008831837690,1.273502638597,0.761847065159,0.108811229150,0.992894113519
2018-11-01,1.028421691985,1.139300000000,0.008864768129,1.292118902612,0.764425657542,0.110442234243,0.996762904637
2018-11-02,1.030141557914,1.141700000000,0.008857940880,1.299305792648,0.763372559508,0.110712450181,0.999562248293
2018-11-05,1.026798617491,1.137000000000,0.008826954429,1.298909007825,0.763753610533,0.110101870860,0.994141820407
2018-11-06,1.030761421827,1.142800000000,0.008837676900,1.308854351586,0.762069885303,0.110447472697,0.997207678883
2018-11-07,1.034887852961,1.148700000000,0.008834794647,1.314256947702,0.764831213796,0.111186394742,1.003757427473
2018-11-08,1.030299252732,1.142400000000,0.008794457275,1.310647866641,0.763024312049,0.111423220974,0.997206703911
2018-11-09,1.024405034537,1.134600000000,0.008777657435,1.303343939899,0.757966464026,0.110533083937,0.994042404065
2018-11-12,1.018657804628,1.126500000000,0.008787051482,1.286502289780,0.757412761380,0.109683072879,0.990939479240
2018-11-13,1.019009167626,1.126100000000,0.008775716958,1.295186612226,0.756380977969,0.110095420594,0.990587614356
2018-11-14,1.021028707556,1.129600000000,0.008781094527,1.297674846062,0.756242886791,0.110006330038,0.991311978938
2018-11-15,1.020878327283,1.130500000000,0.008821004994,1.279280298744,0.756237875443,0.110235683013,0.994720633524
2018-11-16,1.024067244494,1.134600000000,0.008838513671,1.284210526316,0.758676028084,0.110563243033,0.992564080133
2018-11-19,1.029055689421,1.142700000000,0.008865699434,1.282736324551,0.759016937894,0.111141370423,1.003160389781
2018-11-20,1.029474304908,1.142100000000,0.008899018233,1.284586313943,0.757813018380,0.110740500131,1.008209745763
2018-11-21,1.026617067070,1.140900000000,0.008841444513,1.280356421421,0.753367670365,0.110613420203,1.005995943920
2018-11-22,1.027536130399,1.140300000000,0.008853260870,1.287049369060,0.756468090752,0.110671131169,1.004581094177
2018-11-23,1.024591927576,1.135200000000,0.008863902553,1.283001808318,0.755842599374,0.110167599934,1.003181336161
2018-11-26,1.024767018660,1.136300000000,0.008829059829,1.284825870647,0.756978215975,0.110395414359,1.002735615955
2018-11-27,1.021333948944,1.132800000000,0.008804601275,1.276423130662,0.754294846185,0.110169903621,1.001680077814
2018-11-28,1.018378846274,1.128400000000,0.008783373550,1.278712674939,0.750465549348,0.110040567951,1.000975782844
2018-11-29,1.024875646970,1.138700000000,0.008827816110,1.277500420710,0.753257921545,0.110371231947,1.005563405157
2018-11-30,1.022395848200,1.135900000000,0.008806109001,1.275317734764,0.751455411485,0.110073162459,1.001675485009
2018-12-03,1.021835233094,1.133200000000,0.008804972805,1.271116096467,0.758957872882,0.110712715549,1.000794842356
2018-12-04,1.028252878627,1.140900000000,0.008866179671,1.281075254329,0.759031335241,0.111532558435,1.005375396546
2018-12-05,1.024054581180,1.135400000000,0.008848881615,1.277380885414,0.753117537808,0.111583933643,1.002295197740
2018-12-06,1.022986972826,1.135100000000,0.008865198376,1.276397166311,0.745354258323,0.110898343999,1.004157820241
2018-12-07,1.023997479217,1.137100000000,0.008858678716,1.276421395297,0.746618516087,0.110758291531,1.006372245331
2018-12-10,1.026575257650,1.142500000000,0.008871030359,1.265998116239,0.750755684058,0.110568082841,1.011509517486
2018-12-11,1.022661953012,1.137900000000,0.008838058252,1.261138449262,0.746702539537,0.110507914927,1.011646514936
2018-12-12,1.019996549005,1.134600000000,0.008817906272,1.258778498918,0.747923533289,0.109522660360,1.005316321106
2018-12-13,1.022124053566,1.137100000000,0.008810630714,1.265581871605,0.748436780096,0.110376625898,1.007442190130
2018-12-14,1.016617689694,1.128500000000,0.008807461172,1.256191907386,0.747598542564,0.109979534158,1.002754576151
2018-12-17,1.020510337893,1.134100000000,0.008829803799,1.261653131605,0.746658766212,0.110401557557,1.007730584681
2018-12-18,1.024373095021,1.137700000000,0.008898013452,1.268126846124,0.746081710276,0.110714285714,1.008509883876
2018-12-19,1.024884003417,1.140500000000,0.008902505659,1.262760468567,0.743869032090,0.110307274187,1.006797316384
2018-12-20,1.029046382618,1.145100000000,0.008950289198,1.267614988653,0.742414419087,0.111684385058,1.010590415674
2018-12-21,1.027061879395,1.141400000000,0.008988817137,1.265199800477,0.738340125493,0.111103540245,1.009016973126
2018-12-24,1.026946363972,1.140800000000,0.009020321025,1.267020591306,0.735715207017,0.110298951928,1.008486562942
2018-12-27,1.025024575048,1.137700000000,0.009019343586,1.263086607529,0.734000000000,0.110752007788,1.008688713538
2018-12-28,1.030825447111,1.145400000000,0.009061708861,1.268817918979,0.734136649148,0.111449505220,1.020219114634
2018-12-31,1.032306613300,1.145000000000,0.009098132698,1.280001788649,0.733739186158,0.111655029840,1.016061762357
2019-01-02,1.029663499467,1.139700000000,0.009170421629,1.264015970720,0.733067472824,0.111576680210,1.014058190230
2019-01-03,1.029044259733,1.134800000000,0.009285655838,1.256532908141,0.737266112266,0.110380515135,1.011498351012
2019-01-04,1.033272228179,1.140300000000,0.009255681818,1.267168955861,0.743932672234,0.111292211595,1.013059701493
2019-01-07,1.036752210496,1.144500000000,0.009237288136,1.275635309853,0.748969308291,0.111947963026,1.019417475728
2019-01-08,1.035981984215,1.144000000000,0.009191708179,1.274751234080,0.752235665439,0.112316528398,1.018518518519
2019-01-09,1.036801897433,1.145500000000,0.009186046512,1.274009320121,0.755009227524,0.112009621778,1.020035618878
2019-01-10,1.042776186253,1.153500000000,0.009250200481,1.275671012906,0.756343846305,0.112753291692,1.022969137992
2019-01-11,1.042653886754,1.153300000000,0.009233047794,1.281230905960,0.756411097265,0.112695186539,1.018186633707
2019-01-14,1.039425332568,1.146700000000,0.009252804002,1.284630810078,0.753119663733,0.111880811372,1.018564576301
2019-01-15,1.036150192895,1.142400000000,0.009211417513,1.283235046335,0.753860366900,0.111559231663,1.014024498491
2019-01-16,1.033991352025,1.138900000000,0.009191348559,1.285585280506,0.754188464340,0.111125204902,1.010648682226
2019-01-17,1.034401416979,1.139600000000,0.009194029851,1.291185134829,0.752062297895,0.110793521165,1.007425742574
2019-01-18,1.034029969348,1.140200000000,0.009137682321,1.293843971631,0.753402933791,0.111222747891,1.006265995940
2019-01-21,1.030527987304,1.136200000000,0.009118780096,1.286706000929,0.751604154263,0.110832561089,1.001675041876
2019-01-22,1.030706415038,1.135400000000,0.009138028169,1.290227272727,0.750528820730,0.110729680704,1.002472187886
2019-01-23,1.032203521561,1.136700000000,0.009115477145,1.303360737505,0.751189532117,0.110951683748,1.002823114248
2019-01-24,1.030227544997,1.134100000000,0.009114361488,1.302290865247,0.748087071240,0.110274885019,1.005140476824
2019-01-25,1.031104799531,1.134600000000,0.009097177678,1.310464310464,0.751042563050,0.110176733346,1.003183023873
2019-01-28,1.036570696571,1.141800000000,0.009138786618,1.314105515146,0.755408534568,0.110315643025,1.007678051364
2019-01-29,1.036775205849,1.142200000000,0.009135407502,1.316884763936,0.754325716550,0.110348958535,1.006166314306
2019-01-30,1.036450718911,1.142900000000,0.009137352095,1.308549249493,0.756336443650,0.110060379612,1.002280101728
2019-01-31,1.041953807974,1.148800000000,0.009204390674,1.311744958780,0.760341518300,0.110749060060,1.006924357963
2019-02-01,1.040031874831,1.147100000000,0.009183412057,1.305183870380,0.760928689884,0.110427617012,1.006581256581
2019-02-04,1.036860236355,1.144500000000,0.009099944343,1.305344556217,0.762440876690,0.109928635233,1.002101392172
2019-02-05,1.035085014614,1.142300000000,0.009095469385,1.300980604307,0.761736463057,0.109838650743,0.998863238895
2019-02-06,1.033052360668,1.139400000000,0.009111555378,1.296688289519,0.758588548602,0.109286577529,1.000000000000
2019-02-07,1.029475759129,1.134500000000,0.009119041878,1.292877492877,0.753820598007,0.108326172061,0.998943382936
2019-02-08,1.029260564842,1.134600000000,0.009108131974,1.296833923877,0.751490263611,0.108084936126,0.999031434358
2019-02-11,1.026288126093,1.130900000000,0.009074059215,1.290760714490,0.753682105965,0.107850617025,0.996299885473
2019-02-12,1.025086938133,1.129600000000,0.009058540497,1.287953936492,0.754626227537,0.107863451898,0.992531412002
2019-02-13,1.025608846693,1.130500000000,0.009030273984,1.291217890878,0.755076142132,0.108615239761,0.994195761147
2019-02-14,1.021722408814,1.126800000000,0.009005754476,1.281255330036,0.753762793498,0.107544738726,0.991029023747
2019-02-15,1.022035669343,1.126000000000,0.009047810366,1.280447588073,0.752724112574,0.107429421923,0.992945326279
2019-02-18,1.027203241133,1.132800000000,0.009045755809,1.292855512440,0.755602988260,0.108210345322,0.997095326116
2019-02-19,1.024606728985,1.129400000000,0.009028699336,1.295406319894,0.754896063097,0.106547169811,0.994978415999
2019-02-20,1.028649532056,1.134200000000,0.009029535865,1.304502846627,0.758357849692,0.107300644258,1.000000000000
2019-02-21,1.029565379875,1.135400000000,0.009032617343,1.307989171131,0.759414086014,0.106923569518,0.998856338524
2019-02-22,1.026512606527,1.132500000000,0.009019592227,1.297800900725,0.756209935897,0.106841638521,0.998149127446
2019-02-25,1.029915003641,1.135500000000,0.009029821074,1.307757866126,0.760854998660,0.107332243154,1.000352391860
2019-02-26,1.030515542289,1.136100000000,0.009021678710,1.320202196270,0.756190095847,0.107323017627,0.999120569871
2019-02-27,1.034183630921,1.138600000000,0.009043685465,1.331649181900,0.760994519449,0.107982511878,1.002818389995
2019-02-28,1.035406684362,1.141600000000,0.009028788358,1.329993592357,0.758941630102,0.108885582389,1.007146007940
2019-03-01,1.031174693956,1.138300000000,0.008938358854,1.324097338545,0.760336650858,0.108406426483,1.001760098566
2019-03-04,1.026983967129,1.133700000000,0.008933102198,1.321713786068,0.751192684866,0.107415934738,0.998678646934
2019-03-05,1.025522017934,1.132900000000,0.008934542587,1.311864563793,0.749470759460,0.107360480654,0.998941892249
2019-03-06,1.024410248868,1.130500000000,0.008943829114,1.314993602419,0.747289793760,0.107283511269,0.995158450704
2019-03-07,1.021995849976,1.127100000000,0.008947368421,1.312412668840,0.744894587271,0.106707692308,0.992602377807
2019-03-08,1.019428825966,1.122200000000,0.008997754971,1.306326756301,0.743228028346,0.105553256330,0.990992582126
2019-03-11,1.020858343235,1.124400000000,0.009001681210,1.303803339518,0.744981117074,0.106273983479,0.990748083532
2019-03-12,1.023120412335,1.127500000000,0.009000558793,1.308839746938,0.746145192244,0.106654684766,0.991731902542
2019-03-13,1.025279369852,1.130300000000,0.008978473270,1.316138798323,0.749188042686,0.107096835323,0.993845071661
2019-03-14,1.025341829486,1.129500000000,0.008957887223,1.325268691041,0.749303436381,0.107190646560,0.995066513964
2019-03-15,1.026025408682,1.130800000000,0.008963221306,1.323889246619,0.747982537373,0.107732174841,0.995422535211
2019-03-18,1.028862565997,1.134900000000,0.008968705548,1.324889096428,0.749900885424,0.108454459448,0.999031690141
2019-03-19,1.030298046186,1.135800000000,0.008972272691,1.327675690840,0.754183266932,0.108704598746,1.000440412226
2019-03-20,1.028582144420,1.135400000000,0.008966279713,1.315948076032,0.750677685950,0.108848624293,1.001411183630
2019-03-21,1.031840162967,1.138700000000,0.009043043202,1.314137334103,0.749687273685,0.109188017797,1.006897161553
2019-03-22,1.027387862388,1.130200000000,0.009070626003,1.315869134940,0.745760475091,0.107922805878,1.005247709686
2019-03-25,1.029568207793,1.132500000000,0.009085439230,1.322426959994,0.744869771113,0.108425083772,1.007831271692
2019-03-26,1.027344509270,1.129100000000,0.009053078897,1.323215750615,0.746167063177,0.108293450217,1.006148636607
2019-03-27,1.025613068779,1.126100000000,0.009050795692,1.322986912286,0.745712204490,0.107969472090,1.005805644873
2019-03-28,1.021563729665,1.121800000000,0.009035115979,1.311203319502,0.744590468605,0.107082856052,1.002950379973
2019-03-29,1.023021116135,1.123500000000,0.009027721977,1.308982873121,0.749000000000,0.108049624928,1.004829621680
2019-04-01,1.022866683471,1.123600000000,0.009011870388,1.311728034743,0.748767159803,0.107831094050,1.005008944544
2019-04-02,1.019470906306,1.120000000000,0.008979395494,1.302325581395,0.750720557678,0.107261200176,1.000446627959
2019-04-03,1.023073269760,1.124300000000,0.008972865124,1.316664714838,0.751336541032,0.107794822627,1.003301802606
2019-04-04,1.021237728738,1.121900000000,0.008974482041,1.313423400220,0.748582104491,0.107797261590,1.001070759347
2019-04-05,1.020738253755,1.123300000000,0.008954878827,1.307105122297,0.747371922821,0.107740264723,0.999821984869
2019-04-08,1.021586390122,1.124600000000,0.008970963625,1.304897717647,0.747639941497,0.107797747424,1.000088928413
2019-04-09,1.024298311928,1.127700000000,0.008984941439,1.306191000174,0.752602776295,0.108172661871,1.000621118012
2019-04-10,1.024631443516,1.127900000000,0.008995852608,1.310247087114,0.750332623736,0.108036398467,0.999911347518
2019-04-11,1.023010954029,1.126400000000,0.008989624900,1.307213814873,0.747594079777,0.107923732873,0.996461429582
2019-04-12,1.025488899764,1.132100000000,0.008931050805,1.311971259706,0.750629889935,0.108037179830,0.999558537877
2019-04-15,1.025055182228,1.131300000000,0.008931785883,1.310816291061,0.751195219124,0.108146604466,0.997179374174
2019-04-16,1.023934286624,1.130500000000,0.008930405245,1.308600532469,0.748180013236,0.108039144479,0.994195761147
2019-04-17,1.023688672428,1.130100000000,0.008932890681,1.305070848683,0.749900464499,0.108238832273,0.991315789474
2019-04-18,1.020144392188,1.125000000000,0.008938503099,1.301029258702,0.746764022569,0.107388316151,0.988315909690
2019-04-23,1.019491286880,1.124500000000,0.008937370847,1.300751879699,0.746828717540,0.107023888836,0.980383609416
2019-04-24,1.016854858886,1.120900000000,0.008942875379,1.295164365359,0.743400981563,0.106742215027,0.981867554310
2019-04-25,1.010510157032,1.112300000000,0.008937725994,1.286862960606,0.740398056314,0.104642739546,0.978448275862
2019-04-26,1.011766073689,1.113300000000,0.008945761350,1.289437109104,0.741211717710,0.105288543381,0.978983468167
2019-04-29,1.012809214112,1.115000000000,0.008945763800,1.291406069029,0.741948363056,0.105076663557,0.979875208718
2019-04-30,1.018138834514,1.121800000000,0.008979428480,1.300667841573,0.744145936982,0.105481899389,0.980851621929
2019-05-02,1.017818689612,1.121200000000,0.008968882489,1.304782962877,0.744291024960,0.104932147871,0.981872318066
2019-05-03,1.014063589694,1.115500000000,0.008967041801,1.300343882963,0.742725880551,0.104210457480,0.979970130897
2019-05-06,1.018307512929,1.119900000000,0.009021993072,1.310284310284,0.741901291818,0.104411792127,0.982109971060
2019-05-07,1.017616192555,1.118500000000,0.009039844823,1.305972327632,0.742449385994,0.104391245508,0.979851073149
2019-05-08,1.019048191449,1.120200000000,0.009084421377,1.301120854870,0.743133872894,0.104210467561,0.982028578943
2019-05-09,1.018572217152,1.119300000000,0.009106663412,1.299698095680,0.741602067183,0.103664805090,0.982704126427
2019-05-10,1.020968057168,1.123000000000,0.009111561866,1.302028985507,0.742135871002,0.103877603878,0.986992441554
2019-05-13,1.022657744287,1.124500000000,0.009137818950,1.302258251303,0.743864523384,0.103809901868,0.993462319993
2019-05-14,1.020758117720,1.122600000000,0.009126829268,1.294466289220,0.742607660250,0.104146952407,0.992836296100
2019-05-15,1.018298658845,1.118300000000,0.009148396597,1.288067265607,0.741824212272,0.103846296709,0.991752394466
2019-05-16,1.018557144819,1.120300000000,0.009122221317,1.280884488298,0.744929849059,0.104126777582,0.990889793030
2019-05-17,1.016129355054,1.117200000000,0.009131927415,1.275415263428,0.741143691124,0.103771131339,0.990162190907
2019-05-20,1.015622493452,1.116700000000,0.009103285237,1.274480712166,0.744466666667,0.103716981833,0.991476516026
2019-05-21,1.014301213931,1.116100000000,0.009054108867,1.273941330898,0.745757049312,0.103589096275,0.989976938088
2019-05-22,1.014549542108,1.117100000000,0.009062221141,1.265405527866,0.747124130551,0.103819702602,0.992801279772
2019-05-23,1.012844784458,1.113900000000,0.009088609661,1.264358683314,0.742600000000,0.103741163980,0.992426942267
2019-05-24,1.016651042513,1.118700000000,0.009124051872,1.266672705451,0.743174118116,0.104455732133,0.997503343736
2019-05-27,1.017673830445,1.119800000000,0.009136749347,1.269254746387,0.743509727110,0.104509650203,0.994758816736
2019-05-28,1.017168401173,1.119200000000,0.009140057166,1.266450160117,0.742618273505,0.104730267160,0.994490847699
2019-05-29,1.014999726581,1.115600000000,0.009151013042,1.264494190989,0.740524394291,0.104200330646,0.994561825800
2019-05-30,1.013227896457,1.113400000000,0.009118755119,1.262673229150,0.740834386852,0.104718640369,0.991628072675
2019-05-31,1.014940332946,1.115100000000,0.009195184299,1.257258182720,0.737743962951,0.104812482376,0.994382022472
2019-06-03,1.018608749459,1.118500000000,0.009230832714,1.262158929337,0.740826599550,0.105339988698,1.002060562623
2019-06-04,1.022946104053,1.124400000000,0.009245189936,1.267100903784,0.744093706571,0.105815923207,1.005904455180
2019-06-05,1.024007907332,1.125700000000,0.009230075435,1.270097369995,0.746980756470,0.105943249729,1.008420675446
2019-06-06,1.024987385145,1.126600000000,0.009248070924,1.272160617900,0.746290408055,0.106107840829,1.008233398962
2019-06-07,1.024773442353,1.127300000000,0.009219759549,1.271271497040,0.748489476130,0.105788179651,1.007327316594
2019-06-10,1.026150350216,1.130100000000,0.009204267796,1.266246862675,0.753199146894,0.106157531351,1.009017857143
2019-06-11,1.027370179238,1.132000000000,0.009196522869,1.270696525790,0.754566057859,0.105964728348,1.007745036945
2019-06-12,1.028193721818,1.132300000000,0.009226694915,1.275040819774,0.751909157315,0.106020599251,1.006309989335
2019-06-13,1.025661512886,1.128900000000,0.009220026135,1.269168502946,0.751547833034,0.105536235136,1.007316855537
2019-06-14,1.024397131270,1.126500000000,0.009241181296,1.264409100603,0.750099880144,0.105884011655,1.004816697886
2019-06-17,1.020812728887,1.123400000000,0.009203670326,1.259304098287,0.745504014865,0.105488520588,1.001783484930
2019-06-18,1.018339058430,1.118700000000,0.009239345887,1.251300291937,0.745005327651,0.105128132841,1.001073825503
2019-06-19,1.019956685324,1.120700000000,0.009224627541,1.258930577398,0.747631754503,0.104867687240,1.002773801002
2019-06-20,1.029475178620,1.130700000000,0.009290115849,1.268240704391,0.759572752922,0.106320758265,1.014808831449
2019-06-21,1.029909348118,1.131600000000,0.009302860901,1.265417948001,0.758038585209,0.106445422734,1.018816962276
2019-06-24,1.035525616447,1.139400000000,0.009320245399,1.274995803726,0.758083832335,0.107411527367,1.025654874426
2019-06-25,1.035769290860,1.138800000000,0.009336722145,1.272615522155,0.759149390041,0.108127611090,1.025207057976
2019-06-26,1.032841981936,1.136200000000,0.009282679739,1.268037900517,0.760152538971,0.107763076777,1.022406190948
2019-06-27,1.033480358907,1.137000000000,0.009271037182,1.271413874849,0.761655948553,0.107784771728,1.022390072835
2019-06-28,1.034377257519,1.138000000000,0.009282218597,1.269310133289,0.764117370577,0.107731485426,1.024763619991
2019-07-01,1.031101808291,1.134900000000,0.009232083299,1.264963552464,0.763419884300,0.107624466572,1.018669778296
2019-07-02,1.028179692467,1.130100000000,0.009235861393,1.263486242635,0.762602064917,0.107052526879,1.011818426001
2019-07-03,1.028742742056,1.129300000000,0.009286242908,1.258272980501,0.763350006759,0.107393847178,1.015922993883
2019-07-04,1.028506347847,1.128800000000,0.009279079326,1.257996210855,0.765340023052,0.107292221124,1.015107913669
2019-07-05,1.025874375494,1.126000000000,0.009246940954,1.255253447488,0.765361609570,0.106654037414,1.012043861226
2019-07-08,1.022120618720,1.121500000000,0.009207717570,1.251324965132,0.765947274962,0.105828843196,1.007908690572
2019-07-09,1.019987787366,1.120500000000,0.009189699008,1.245345929425,0.761933904529,0.105371551092,1.006105773548
2019-07-10,1.021036743309,1.122000000000,0.009181669394,1.247664798505,0.762590906001,0.105756270442,1.007814605228
2019-07-11,1.027559529158,1.128500000000,0.009254551419,1.256821472324,0.765863590092,0.106655451384,1.015385999640
2019-07-12,1.025452550206,1.125300000000,0.009236641221,1.253285516996,0.767232562896,0.106648343837,1.014972490304
2019-07-15,1.027058092267,1.126900000000,0.009265745765,1.253880475782,0.767433941705,0.106751418584,1.017884563273
2019-07-16,1.023505978779,1.122300000000,0.009265252208,1.243407932639,0.766441303012,0.106475024904,1.013363431151
2019-07-17,1.022176485298,1.121500000000,0.009236534344,1.241421297321,0.765320049133,0.106638901567,1.010815682740
2019-07-18,1.023883573374,1.121600000000,0.009277855902,1.248261048602,0.765597269625,0.106778370145,1.013738250181
2019-07-19,1.024987700943,1.122600000000,0.009283056314,1.252412562057,0.766018423746,0.106716098674,1.017492975619
2019-07-22,1.023317800292,1.121500000000,0.009266297612,1.246554330429,0.764745993863,0.106363808801,1.018897065504
2019-07-23,1.019787156975,1.117300000000,0.009247641119,1.243793832795,0.760533660064,0.105709825441,1.017114246700
2019-07-24,1.018867934786,1.114000000000,0.009251723279,1.249677484491,0.761605250564,0.105800005698,1.014387179020
2019-07-25,1.017580770017,1.111500000000,0.009250936330,1.249395816238,0.761770954698,0.105910602495,1.011466011466
2019-07-26,1.016379491939,1.113800000000,0.009200396498,1.242622694766,0.758719346049,0.105488469006,1.007690219850
2019-07-29,1.014263002250,1.111900000000,0.009203708302,1.229393098416,0.759235233868,0.105121344767,1.007429555133
2019-07-30,1.015144996010,1.115400000000,0.009218181818,1.216981440869,0.759240351235,0.104778634703,1.010509150208
2019-07-31,1.014948976878,1.115100000000,0.009212656973,1.217052486821,0.760537443732,0.104561864129,1.009962865682
2019-08-01,1.006957281255,1.103700000000,0.009183724413,1.210861217773,0.755855362279,0.103276939776,1.004459410266
2019-08-02,1.014906124778,1.110600000000,0.009366618875,1.213704169171,0.755613008573,0.103578523265,1.016009514226
2019-08-05,1.020806527040,1.118200000000,0.009427535621,1.217022202873,0.756818950931,0.103919035715,1.026530799596
2019-08-06,1.020486658350,1.118700000000,0.009392947103,1.218229336818,0.756645248563,0.104291161308,1.024544372195
2019-08-07,1.021279201924,1.120200000000,0.009454760297,1.212954641430,0.750804289544,0.104037223817,1.025730244483
2019-08-08,1.020801989519,1.119300000000,0.009434423466,1.215111545351,0.752521177894,0.104091881335,1.024718483933
2019-08-09,1.021437125858,1.119800000000,0.009448991646,1.206421029950,0.756826169235,0.104681598923,1.027622281362
2019-08-12,1.022568460753,1.119400000000,0.009511428329,1.208659504400,0.755993786722,0.104309742347,1.029238690695
2019-08-13,1.023953735941,1.122200000000,0.009509363613,1.208876440806,0.753710793203,0.104792320335,1.033999815719
2019-08-14,1.020228538186,1.118800000000,0.009442943957,1.207255619220,0.752286175363,0.104255775162,1.030012888971
2019-08-15,1.018084358865,1.115000000000,0.009419616457,1.213763974614,0.751297082407,0.103909417082,1.026419957654
2019-08-16,1.014111828206,1.107600000000,0.009404772013,1.216701635671,0.751934826884,0.103398058252,1.020453289110
2019-08-19,1.014838383006,1.110300000000,0.009382288322,1.212342902067,0.753818996537,0.103507103703,1.020121278942
2019-08-20,1.012966883061,1.107600000000,0.009403175142,1.208866769261,0.750304836743,0.102886124864,1.019889502762
2019-08-21,1.015070168226,1.110400000000,0.009391069012,1.212955377137,0.752252557415,0.103792191283,1.021057471264
2019-08-22,1.013892452573,1.108300000000,0.009382036739,1.215907844213,0.752818910474,0.103397768407,1.016322787712
2019-08-23,1.013569381202,1.106500000000,0.009393836489,1.223287232043,0.750627501526,0.103251994588,1.015789956853
2019-08-26,1.017612640115,1.111600000000,0.009446757882,1.224121222800,0.751690559913,0.103390224620,1.021221864952
2019-08-27,1.018179578316,1.110400000000,0.009455846036,1.227843202300,0.755939818912,0.103727230266,1.020213156928
2019-08-28,1.015652671296,1.108300000000,0.009458098652,1.220285610473,0.751186119019,0.103054535311,1.019407652686
2019-08-29,1.014375526376,1.107200000000,0.009408565602,1.223006483967,0.753248520308,0.102718248446,1.017647058824
2019-08-30,1.011682888887,1.103600000000,0.009409959072,1.218572296141,0.752899440579,0.101812814244,1.011641763681
2019-09-02,1.006800404247,1.096800000000,0.009401680096,1.207663510240,0.749589939858,0.102056387829,1.008551724138
2019-09-03,1.004843385130,1.093700000000,0.009424386040,1.203388898058,0.747726806591,0.101148638650,1.009973220057
2019-09-04,1.011174463016,1.101800000000,0.009414679997,1.220763392610,0.750596089652,0.102464428532,1.015671091445
2019-09-05,1.014775765543,1.105800000000,0.009373569552,1.234427327528,0.757293521435,0.103515094781,1.017950842309
2019-09-06,1.011925351719,1.102700000000,0.009344123379,1.230211412953,0.756154426387,0.103685942642,1.009059297218
2019-09-09,1.013277586244,1.103300000000,0.009349207694,1.235844301316,0.760110230796,0.103501003771,1.010070493454
2019-09-10,1.012526034687,1.104000000000,0.009314883564,1.236282194849,0.759493670886,0.102750244311,1.008864114046
2019-09-11,1.010149231873,1.100300000000,0.009284448570,1.234447398831,0.760505944153,0.103253474471,1.006310590818
2019-09-12,1.007558449216,1.096300000000,0.009279668190,1.232905982906,0.757741222007,0.103118092461,1.006518545722
2019-09-13,1.015278251882,1.109600000000,0.009259784695,1.245440158037,0.756734638205,0.104202469831,1.014259597806
2019-09-16,1.011709501275,1.103100000000,0.009272864829,1.246299853124,0.754565975785,0.103380411047,1.009055982437
2019-09-17,1.010224507969,1.102600000000,0.009247672566,1.241484917749,0.754172366621,0.103056360408,1.005471457231
2019-09-18,1.011939114831,1.105300000000,0.009246277397,1.245829576195,0.754728576306,0.103012171709,1.004909537231
2019-09-19,1.013174779084,1.106700000000,0.009264188850,1.247196709303,0.753574833174,0.103214795333,1.008842297174
2019-09-20,1.011430062220,1.103000000000,0.009260347578,1.250141675167,0.753621207980,0.102975362468,1.008042405410
2019-09-23,1.009338748467,1.098500000000,0.009303802829,1.243448830128,0.753119429590,0.102526529965,1.008630979708
2019-09-24,1.010768731317,1.100300000000,0.009289151541,1.248170793961,0.754353489648,0.103060048893,1.011491082920
2019-09-25,1.009066982833,1.098200000000,0.009306779661,1.238552803717,0.753223593964,0.102803650831,1.013006180242
2019-09-26,1.006335528044,1.093800000000,0.009290750021,1.235862380656,0.755282419555,0.102609805062,1.006811487482
2019-09-27,1.004705635552,1.093500000000,0.009250486422,1.231724075785,0.754502173463,0.102186711522,1.006906077348
2019-09-30,1.002254827686,1.088900000000,0.009260141168,1.229381414201,0.754817690281,0.101806316498,1.003872038352
2019-10-01,1.001117521347,1.089800000000,0.009235593220,1.225113821595,0.753352689064,0.100867247300,0.999266458830
2019-10-02,1.004347404366,1.092500000000,0.009300246872,1.227942002922,0.755166931638,0.101047004199,0.998628884826
2019-10-03,1.006446742983,1.095100000000,0.009346249040,1.233359612569,0.749760372450,0.101089264285,0.999452404855
2019-10-04,1.008762873259,1.097900000000,0.009365350166,1.232972092762,0.751368738024,0.101558669812,1.006047832860
2019-10-07,1.009102535934,1.099300000000,0.009360524523,1.233021142953,0.751247181029,0.100936553117,1.006316367631
2019-10-08,1.007906682800,1.098600000000,0.009355360640,1.223453421683,0.751282226629,0.101064368049,1.008074876124
2019-10-09,1.006428421260,1.098100000000,0.009313035366,1.222148024485,0.751762853426,0.100583477600,1.004941887069
2019-10-10,1.009287375160,1.103000000000,0.009306446169,1.223448505352,0.751464777218,0.101738689296,1.007489952503
2019-10-11,1.011483231380,1.104300000000,0.009221711900,1.261797573071,0.752299202943,0.101827604013,1.001632653061
2019-10-14,1.011115325738,1.103100000000,0.009238693467,1.253764931862,0.756791986828,0.101646655548,1.004370390604
2019-10-15,1.010586169369,1.100700000000,0.009231736979,1.264329527441,0.755871446230,0.101704781705,1.002732987155
2019-10-16,1.011675072296,1.102500000000,0.009195162636,1.273682994455,0.757055551741,0.101746063973,1.002546148950
2019-10-17,1.017477130575,1.111300000000,0.009198741826,1.279709811147,0.758877355914,0.102798205448,1.011099990902
2019-10-18,1.020741023836,1.114400000000,0.009212201372,1.289292531960,0.761254184029,0.103432273394,1.013459439796
2019-10-21,1.023669308189,1.117300000000,0.009211806414,1.300244384965,0.763026702179,0.104117937583,1.015542628613
2019-10-22,1.020630868730,1.113000000000,0.009208240258,1.293208621391,0.763322131541,0.103724965751,1.011450381679
2019-10-23,1.020045148753,1.112300000000,0.009220757689,1.287265068049,0.764047259239,0.103580574568,1.010814249364
2019-10-24,1.020492062450,1.112800000000,0.009207347344,1.289634711663,0.765073908560,0.104035975057,1.009892004719
2019-10-25,1.018640383943,1.110700000000,0.009210548138,1.282593131481,0.765419337055,0.103373819163,1.007986205645
2019-10-28,1.017061803989,1.108700000000,0.009186345182,1.284287832453,0.765306826810,0.103132005618,1.003620892550
2019-10-29,1.017354515724,1.109500000000,0.009178524156,1.285214530627,0.765911914952,0.102804777480,1.004890861335
2019-10-30,1.018029360281,1.110600000000,0.009179271014,1.288399071926,0.764139259667,0.102823812610,1.006707759246
2019-10-31,1.022289562037,1.115400000000,0.009238797316,1.294974051757,0.760171744020,0.103760069955,1.013355137640
2019-11-01,1.021686329000,1.113900000000,0.009249356473,1.295112082597,0.758684102983,0.104109614648,1.011441024244
2019-11-04,1.022110046201,1.115800000000,0.009226825436,1.291913671730,0.760081743869,0.104246274583,1.012430813901
2019-11-05,1.018646401570,1.110900000000,0.009186306128,1.290049121503,0.761725178278,0.103877766661,1.009083477155
2019-11-06,1.017180367698,1.109000000000,0.009174387823,1.289040251996,0.759641071306,0.104190154077,1.007266121708
2019-11-07,1.015609729958,1.107700000000,0.009162117452,1.281437264293,0.759478916695,0.104251174084,1.007183124204
2019-11-08,1.012213862339,1.103400000000,0.009140159046,1.280670396249,0.757777625163,0.103097407148,1.003912291875
2019-11-11,1.013830935668,1.104100000000,0.009178651592,1.287685292094,0.755870473061,0.103105010039,1.006288734962
2019-11-12,1.011599330966,1.101500000000,0.009160844977,1.283500349569,0.755072662462,0.102941039036,1.004743227219
2019-11-13,1.011611176091,1.100600000000,0.009187745221,1.283348880597,0.754248903509,0.102521587659,1.010280888563
2019-11-14,1.011664738433,1.099700000000,0.009203280609,1.284051235945,0.753838771593,0.102833364503,1.011404396211
2019-11-15,1.014184563427,1.103400000000,0.009198832847,1.288115806678,0.755339539978,0.103588125951,1.010069571585
2019-11-18,1.015912300111,1.106100000000,0.009175445873,1.296261572718,0.756462864177,0.103758806037,1.009215328467
2019-11-19,1.017129258559,1.107700000000,0.009195583596,1.294450352331,0.756987630698,0.104033810754,1.008926131706
2019-11-20,1.015434775574,1.105900000000,0.009218906302,1.290205914951,0.751750390864,0.103417964184,1.007470164890
2019-11-21,1.017555375494,1.109100000000,0.009207205711,1.296465142376,0.751473677078,0.104074393814,1.008456082924
2019-11-22,1.015288798226,1.105800000000,0.009212696826,1.286113049546,0.753321070918,0.104060603209,1.005821357104
2019-11-25,1.011818073255,1.100800000000,0.009182515849,1.287259545109,0.751501911524,0.103694493114,1.002002548698
2019-11-26,1.012330806207,1.102000000000,0.009176450995,1.285655952867,0.751551524245,0.104150914865,1.002456108433
2019-11-27,1.012003840089,1.100900000000,0.009160426028,1.288355763604,0.753782951044,0.104271642357,1.002093573639
2019-11-28,1.011382056337,1.100500000000,0.009132780083,1.291969945997,0.752478632479,0.104349392678,1.001273769448
2019-11-29,1.009552914777,1.098200000000,0.009118990285,1.288589029041,0.751471192008,0.104595456927,0.998545190035
2019-12-02,1.012401949400,1.102300000000,0.009128778468,1.293506066793,0.752115174672,0.104597428477,1.002546612096
2019-12-03,1.016860160889,1.107100000000,0.009195946507,1.299413145540,0.750728961823,0.104786423481,1.011327304284
2019-12-04,1.018764851221,1.108100000000,0.009199667912,1.309656069023,0.753450737744,0.105010282119,1.011409273457
2019-12-05,1.020406667524,1.109400000000,0.009192145165,1.313365691962,0.759342915811,0.105238194616,1.011856986501
2019-12-06,1.020865297864,1.109400000000,0.009211225506,1.313630066427,0.758927349843,0.105473317932,1.011487964989
2019-12-09,1.019504538711,1.107500000000,0.009217644611,1.315398776649,0.754684838160,0.105041020534,1.010584907382
2019-12-10,1.019767059401,1.107700000000,0.009210110585,1.317545466440,0.755284331106,0.104930611472,1.014191540011
2019-12-11,1.019492221480,1.107500000000,0.009195450017,1.314618078224,0.755405497579,0.105884602514,1.014565775009
2019-12-12,1.023813836753,1.113700000000,0.009207937164,1.317052980132,0.758857999455,0.106579262166,1.018100374806
2019-12-13,1.025962791205,1.117400000000,0.009126847995,1.338075393974,0.759516041327,0.106938463011,1.017483154252
2019-12-16,1.025030638680,1.114600000000,0.009138312700,1.336210513697,0.762328158129,0.106954026849,1.017620743175
2019-12-17,1.023468423640,1.116200000000,0.009125991333,1.317081229056,0.759836623553,0.106591034970,1.019733235885
2019-12-18,1.020141519976,1.111500000000,0.009124866596,1.306801481394,0.760051969365,0.106380942354,1.018510033905
2019-12-19,1.020583423391,1.111700000000,0.009132506367,1.306760076640,0.762064710721,0.106098492079,1.020001835031
2019-12-20,1.019612877402,1.109700000000,0.009147638282,1.303489833555,0.761163317100,0.106354226567,1.019663695672
2019-12-23,1.017023459828,1.107500000000,0.009139296914,1.292178093060,0.759758523702,0.106008250936,1.018859245630
2019-12-24,1.017615253450,1.108000000000,0.009142668537,1.295406451311,0.759840899739,0.105974960068,1.018569589998
2019-12-27,1.023174223948,1.115300000000,0.009124601162,1.310113943381,0.764322916667,0.106867376369,1.024150596878
2019-12-30,1.026280939316,1.118900000000,0.009157050495,1.313139611304,0.765269133438,0.107174329502,1.029252138718
2019-12-31,1.031156038865,1.123400000000,0.009212727571,1.320404325341,0.769557473627,0.107535321821,1.035010134513
2020-01-02,1.028233647721,1.119300000000,0.009193429158,1.319493563446,0.769331225514,0.106876861966,1.030188679245
2020-01-03,1.026107102989,1.114700000000,0.009247552680,1.309639898960,0.770299219128,0.106305670526,1.028321033210
2020-01-06,1.028949156341,1.119400000000,0.009249710792,1.313618494397,0.770671256454,0.106297717172,1.031705069124
2020-01-07,1.026747659405,1.117200000000,0.009221626083,1.311529295751,0.769421487603,0.105973079878,1.029677419355
2020-01-08,1.023016632295,1.111500000000,0.009196591097,1.309680916246,0.768140981341,0.105748373102,1.029929577465
2020-01-09,1.020532715902,1.111000000000,0.009141023531,1.302690977311,0.765942778352,0.105478021456,1.027942264989
2020-01-10,1.019274689913,1.109100000000,0.009120888158,1.307746727980,0.765002069251,0.105117998294,1.024856773240
2020-01-13,1.020058512563,1.112600000000,0.009101022495,1.297341417910,0.766570208075,0.105361843974,1.029136990103
2020-01-14,1.019292477726,1.111500000000,0.009086821452,1.298208320680,0.765074339207,0.105607707510,1.032320980775
2020-01-15,1.021174768227,1.114200000000,0.009100710610,1.300374636742,0.764984552008,0.105521356189,1.036368709887
2020-01-16,1.023389405009,1.116900000000,0.009095276873,1.306774306774,0.767154337523,0.105688979731,1.040040972158
2020-01-17,1.019562806210,1.110800000000,0.009081841223,1.305211209682,0.766174644779,0.105339023234,1.034649776453
2020-01-20,1.017522840178,1.108500000000,0.009075650892,1.299912049252,0.765168772002,0.105023306931,1.032411288069
2020-01-21,1.020167438979,1.111500000000,0.009087564386,1.307185699165,0.765917861080,0.105332486756,1.034627199106
2020-01-22,1.019360644537,1.108800000000,0.009093742311,1.313043993132,0.766539923954,0.105071639754,1.030770660965
2020-01-23,1.019455292608,1.109100000000,0.009128395062,1.312575445573,0.759709569149,0.105154873759,1.033258803801
2020-01-24,1.016231719883,1.103500000000,0.009122850529,1.308813587466,0.761507142364,0.104733160597,1.030153099328
2020-01-27,1.016208401118,1.102500000000,0.009179085838,1.306929988857,0.758305247954,0.104210974054,1.031434184676
2020-01-28,1.014213254409,1.100500000000,0.009169305116,1.300781296172,0.758128961146,0.103827611257,1.028216387929
2020-01-29,1.013961351886,1.100100000000,0.009162918541,1.300662095058,0.758899006623,0.104025417719,1.025351850126
2020-01-30,1.016469885861,1.102900000000,0.009188536199,1.310121996127,0.756602867531,0.103657963496,1.031711880262
2020-01-31,1.017604937171,1.105200000000,0.009183215621,1.312978912979,0.755588979285,0.103514161547,1.033476715915
2020-02-03,1.018395534752,1.106600000000,0.009213988343,1.305337658508,0.755513074350,0.103606471425,1.036919040480
2020-02-04,1.015875570091,1.104800000000,0.009166943246,1.301602262017,0.753050235158,0.103953781592,1.032330405532
2020-02-05,1.013939831614,1.102300000000,0.009114436911,1.305362133485,0.752731494127,0.104532954007,1.028552766632
2020-02-06,1.011866621123,1.100300000000,0.009103168694,1.296988271350,0.753114305270,0.104244433918,1.026878208119
2020-02-07,1.009575107288,1.096900000000,0.009102149199,1.294735599622,0.751095590249,0.104015930966,1.024661373190
2020-02-10,1.008638723521,1.095100000000,0.009112165086,1.294016164863,0.751097393690,0.103577103511,1.023457943925
2020-02-11,1.005941532206,1.090100000000,0.009104652134,1.292736436407,0.752052431873,0.103451548309,1.021936814475
2020-02-12,1.007410817968,1.091400000000,0.009092726818,1.298389207452,0.754354437379,0.103977516315,1.025270079850
2020-02-13,1.005827923273,1.086700000000,0.009115845986,1.303388305847,0.754338470082,0.103669996089,1.022006959466
2020-02-14,1.004067405439,1.084200000000,0.009102510285,1.302999711566,0.754856227808,0.103173621354,1.018889202143
2020-02-17,1.003575800580,1.083500000000,0.009101217976,1.301689132367,0.755895074648,0.102874016122,1.018231369232
2020-02-18,1.002659546906,1.081600000000,0.009112047178,1.303368078568,0.753990937609,0.102523270583,1.018551652698
2020-02-19,1.000218362493,1.080000000000,0.009049015501,1.298888728532,0.756249562356,0.102134420245,1.016853403634
2020-02-20,0.995708549160,1.079000000000,0.008927684925,1.286975190840,0.754334451902,0.101806859461,1.016390354182
2020-02-21,0.997037715773,1.080100000000,0.008929398148,1.293378038558,0.754259776536,0.102195098874,1.018001885014
2020-02-24,0.998494021182,1.081800000000,0.008976103551,1.290422625935,0.752713609797,0.102217644780,1.020566037736
2020-02-25,1.001599512823,1.084000000000,0.009039359573,1.296185579338,0.752620981740,0.102566043449,1.022159358793
2020-02-26,1.003304656403,1.087500000000,0.009052692916,1.292335115865,0.751606883682,0.102775651385,1.025363002074
2020-02-27,1.008721245027,1.096400000000,0.009101776523,1.289958232837,0.749111779175,0.103675545847,1.031711677802
2020-02-28,1.010176608132,1.097700000000,0.009196548257,1.286643614839,0.743850376093,0.102840600349,1.034200113058
2020-03-02,1.019884888573,1.112200000000,0.009282256718,1.276732519831,0.748603351955,0.104862204539,1.043829188175
2020-03-03,1.019849400710,1.111700000000,0.009281957084,1.277669233421,0.748266810258,0.105284591344,1.044241968815
2020-03-04,1.021085596417,1.112500000000,0.009303395217,1.280944156592,0.748553357556,0.105395291554,1.044895275665
2020-03-05,1.025750313204,1.118700000000,0.009351333278,1.290758047767,0.744757339724,0.105622433083,1.049141892526
2020-03-06,1.038621142432,1.133600000000,0.009519650655,1.300521998509,0.745152172484,0.106797305573,1.070544905090
2020-03-09,1.049922052694,1.145600000000,0.009781420765,1.311010150716,0.733747518094,0.106862681082,1.081366811403
2020-03-10,1.041087314684,1.139000000000,0.009599662874,1.303427361675,0.731112394891,0.105448317363,1.075136869926
2020-03-11,1.036226781930,1.133600000000,0.009562210038,1.292735773748,0.727646190384,0.105708797255,1.070342743839
2020-03-12,1.029019890459,1.124000000000,0.009619993153,1.268293783781,0.724040195826,0.103171324980,1.065503839226
2020-03-13,1.012947013969,1.110400000000,0.009322475023,1.246659930392,0.721554357008,0.102385365089,1.046757164404
2020-03-16,1.016921666167,1.115700000000,0.009474354620,1.227149739326,0.717999871292,0.102359676324,1.057936658449
2020-03-17,1.001422533158,1.098200000000,0.009346382979,1.209165079330,0.707968024755,0.100207130017,1.039863649276
2020-03-18,0.993491360093,1.093400000000,0.009283409747,1.186028853455,0.694266302622,0.099198896782,1.036791200455
2020-03-19,0.979398986339,1.080100000000,0.009104779567,1.161585201914,0.691352493119,0.096849977135,1.025249169435
2020-03-20,0.975821639159,1.070700000000,0.009045366225,1.176231489212,0.701776233860,0.096810068898,1.015266451735
2020-03-23,0.977751546689,1.078300000000,0.009052976240,1.159836506400,0.695228884591,0.097394210360,1.018224740321
2020-03-24,0.981590275564,1.084300000000,0.009036586382,1.177307274701,0.689933825401,0.097783348965,1.025633749527
2020-03-25,0.981064242588,1.082700000000,0.008972404077,1.183239893774,0.696762983461,0.098752257429,1.021222410866
2020-03-26,0.996165177765,1.098100000000,0.009137127642,1.202106231116,0.710009052114,0.099763786681,1.032631182998
2020-03-27,0.998844396514,1.097700000000,0.009196548257,1.223159466476,0.707235358546,0.099647778645,1.037425574142
2020-03-30,1.004451316088,1.103400000000,0.009245852187,1.241169853768,0.706130807628,0.099968289921,1.043799072935
2020-03-31,0.998319879371,1.095600000000,0.009214465938,1.235968999244,0.701543190113,0.099048032329,1.035049598488
2020-04-01,0.999558551265,1.093600000000,0.009303275202,1.236264978521,0.700980706365,0.099992685246,1.035213934116
2020-04-02,0.999462179909,1.090600000000,0.009316589783,1.243018988352,0.705844281924,0.099812382739,1.033646099896
2020-04-03,0.988955681487,1.078500000000,0.009210076857,1.227660785430,0.704948035819,0.098475164354,1.022565658481
2020-04-06,0.988812957089,1.079100000000,0.009180704441,1.229043280182,0.706217277487,0.098289430539,1.021875000000
2020-04-07,0.995793461832,1.088500000000,0.009181779840,1.235625986174,0.713349498657,0.100056991580,1.028633528634
2020-04-08,0.995016883154,1.087100000000,0.009184690774,1.236071314868,0.713648001050,0.099382913562,1.029743298285
2020-04-09,0.994964535792,1.086700000000,0.009183638976,1.241020955861,0.711889944317,0.099282810287,1.029266906611
2020-04-14,1.005469480765,1.096300000000,0.009317525072,1.256461095894,0.718555417186,0.100432400740,1.039836858579
2020-04-15,1.000252329387,1.090300000000,0.009309255464,1.247696973165,0.711219830398,0.099731986865,1.035029428517
2020-04-16,0.999191480629,1.088800000000,0.009296448087,1.249153884102,0.708900319031,0.099986225263,1.035374667174
2020-04-17,0.997878754478,1.086000000000,0.009293171316,1.248591597875,0.710732984293,0.100047905074,1.032810271041
2020-04-20,0.996698436246,1.086000000000,0.009273332764,1.243373825035,0.708646003263,0.099978825847,1.032515687393
2020-04-21,0.994128418400,1.083700000000,0.009310937366,1.229800272356,0.704021308387,0.098929187625,1.030426927831
2020-04-22,0.996202565653,1.086700000000,0.009287240407,1.236010009099,0.706796747967,0.099311844859,1.032690297444
2020-04-23,0.991603345329,1.077200000000,0.009306263499,1.235321100917,0.707474057533,0.098931881010,1.024831129293
2020-04-24,0.993330053182,1.080000000000,0.009292720702,1.234313927175,0.711790680815,0.099335007312,1.026128266033
2020-04-27,0.997830174828,1.085200000000,0.009337463431,1.243596942576,0.711373320223,0.099790340972,1.027943544568
2020-04-28,1.001459794476,1.087700000000,0.009371876616,1.249109993339,0.716582120034,0.101200223297,1.027489136596
2020-04-29,0.999177729278,1.084200000000,0.009385387812,1.240815765982,0.716636922467,0.101008030707,1.025636174440
2020-04-30,1.002906976282,1.087600000000,0.009386381289,1.251481502790,0.721363666512,0.101988953385,1.030119340784
2020-05-04,1.003707214766,1.094200000000,0.009364943512,1.244851987531,0.710981156595,0.101208920296,1.037353052711
2020-05-05,0.999177287109,1.084300000000,0.009370840895,1.245462899150,0.713308334978,0.101355393532,1.030213776722
2020-05-06,0.997561844660,1.080700000000,0.009426079372,1.238582054485,0.709819376026,0.101686143887,1.026305792972
2020-05-07,0.994920078752,1.078300000000,0.009383865634,1.232652781271,0.710482967648,0.101534839925,1.024026590693
2020-05-08,1.000106954244,1.084300000000,0.009400901682,1.238704518193,0.717224500595,0.102413223140,1.029822395289
2020-05-11,0.996394674551,1.082400000000,0.009318181818,1.231749644381,0.715116279070,0.102115134248,1.028995151630
2020-05-12,0.998728344154,1.085800000000,0.009315374056,1.237054675128,0.715377520095,0.102464895063,1.032129277567
2020-05-13,0.999827455514,1.087500000000,0.009352425181,1.232364439912,0.713442235780,0.102746520790,1.032959726444
2020-05-14,0.993203237321,1.079200000000,0.009345341185,1.219503926776,0.708880714661,0.101411415362,1.026636225266
2020-05-15,0.993228119360,1.079800000000,0.009346490089,1.216840586896,0.708948854310,0.101204367590,1.027109293256
2020-05-18,0.994878497977,1.083200000000,0.009313042731,1.214989961078,0.712537823971,0.102089479091,1.029559927764
2020-05-19,1.001934355427,1.095000000000,0.009279661017,1.222985424694,0.717985705855,0.103609783791,1.029812846798
2020-05-20,1.003381370802,1.095800000000,0.009290377279,1.226303184941,0.720399710736,0.103800394059,1.035336356765
2020-05-21,1.005125474385,1.100000000000,0.009288971458,1.222996786854,0.718484650555,0.104463437797,1.035001881822
2020-05-22,0.999040370474,1.090400000000,0.009298993689,1.217467034378,0.713939632030,0.103480018601,1.029553394391
2020-05-25,0.999302415628,1.091000000000,0.009287477654,1.218790146903,0.714894174694,0.103422125320,1.029536661319
2020-05-26,1.005692832316,1.097500000000,0.009307157395,1.234838767749,0.722800316122,0.103966351847,1.035377358491
2020-05-27,1.005298839334,1.099100000000,0.009268848035,1.226742563759,0.726629644321,0.104073555034,1.029601873536
2020-05-28,1.007110231900,1.101600000000,0.009282103134,1.227710413695,0.726888815572,0.104436860068,1.031171019377
2020-05-29,1.016003469021,1.113600000000,0.009335233465,1.236124678093,0.728795811518,0.106188614475,1.038805970149
2020-06-01,1.014417464674,1.111600000000,0.009282672234,1.239615045777,0.729971105858,0.106235963110,1.040239565787
2020-06-02,1.019295351230,1.117400000000,0.009247703385,1.254335844100,0.739706077055,0.106907768848,1.040312820035
2020-06-03,1.019409743044,1.119400000000,0.009210136581,1.256834895863,0.737757859355,0.107029487130,1.037153710738
2020-06-04,1.022225273611,1.125000000000,0.009185173089,1.254390366282,0.739985529172,0.107994470683,1.043018727981
2020-06-05,1.027275509240,1.133000000000,0.009154076109,1.266657722923,0.743584695150,0.108681055156,1.042702006258
2020-06-08,1.024908468441,1.128500000000,0.009144315696,1.265517589405,0.746066375777,0.108532574198,1.039038762545
2020-06-09,1.027612638873,1.129400000000,0.009246766006,1.267280071813,0.743662342793,0.108400199639,1.048653667595
2020-06-10,1.034751740026,1.137500000000,0.009311558612,1.278621449367,0.746979248752,0.108742411931,1.056959672923
2020-06-11,1.031907916260,1.134800000000,0.009338380513,1.265599732337,0.740682723060,0.108057666305,1.060858184538
2020-06-12,1.028157222066,1.130400000000,0.009322117763,1.260861320870,0.736560891379,0.107551639820,1.056744881743
2020-06-15,1.024195210864,1.125300000000,0.009313084499,1.255242727110,0.733476730544,0.106771796988,1.053750351156
2020-06-16,1.028754350875,1.130800000000,0.009315429607,1.265301555332,0.738120104439,0.107555927560,1.055146029672
2020-06-17,1.023791130925,1.123200000000,0.009309573145,1.255701636705,0.738752959747,0.106846265803,1.052769706627
2020-06-18,1.023001959073,1.122200000000,0.009351666667,1.246501088550,0.737416217637,0.106344468136,1.052029624074
2020-06-19,1.021738746951,1.121000000000,0.009359605911,1.238605601900,0.737063580775,0.106084981546,1.051989489489
2020-06-22,1.022083235526,1.121300000000,0.009352740012,1.241364803826,0.737212360289,0.106259180289,1.052468556411
2020-06-23,1.028990820085,1.131800000000,0.009349855432,1.248813858546,0.741240421770,0.107611124317,1.057262961233
2020-06-24,1.026836305487,1.128000000000,0.009376558603,1.248574875751,0.735764138021,0.107280422274,1.056278677779
2020-06-25,1.020412590244,1.120000000000,0.009313929314,1.242608145740,0.732888365397,0.106803986077,1.052928457272
2020-06-26,1.021428140645,1.121300000000,0.009349620612,1.237979574938,0.732014623319,0.107021847232,1.054745555451
2020-06-29,1.024191179681,1.128400000000,0.009320227967,1.232685164955,0.732299305601,0.107692307692,1.057643640454
2020-06-30,1.017895497335,1.119800000000,0.009280623239,1.227272229103,0.730749151658,0.106700461181,1.051356680124
2020-07-01,1.020352099440,1.120000000000,0.009309284349,1.238527037488,0.736018926201,0.106702234078,1.054613935970
2020-07-02,1.026194839476,1.128600000000,0.009308808974,1.250872817955,0.735579743205,0.107860658479,1.059917355372
2020-07-03,1.022300125178,1.122400000000,0.009300629765,1.245450510431,0.736821374647,0.107186171991,1.056575355361
2020-07-06,1.028506599187,1.132500000000,0.009299556577,1.251312082205,0.738603013109,0.108013505265,1.064179665476
2020-07-07,1.026248828142,1.129000000000,0.009283776005,1.252357182474,0.737089508389,0.107981445172,1.060791130320
2020-07-08,1.026549645562,1.128600000000,0.009297306203,1.255073785350,0.735819533186,0.108196721311,1.062311746988
2020-07-09,1.031772119957,1.134200000000,0.009321936385,1.265071663599,0.740629489356,0.109089160335,1.066578897875
2020-07-10,1.027714780128,1.127600000000,0.009359229748,1.258903650776,0.735263432447,0.108443931525,1.061270588235
2020-07-13,1.030276956067,1.132900000000,0.009331960461,1.259645533590,0.737277105297,0.109107894407,1.060271408517
2020-07-14,1.031411672385,1.137500000000,0.009310796431,1.253056908061,0.734439566116,0.109527706899,1.063979047797
2020-07-15,1.037497645443,1.144400000000,0.009361145194,1.263971725204,0.737038706769,0.110604244791,1.061300194751
2020-07-16,1.034804051336,1.141400000000,0.009337369110,1.256011004127,0.738674605229,0.110280193237,1.058125521461
2020-07-17,1.035174173013,1.142800000000,0.009326695503,1.254748676958,0.736814958092,0.110597116036,1.062773179578
2020-07-20,1.037491783504,1.144800000000,0.009335399168,1.263924924096,0.737058975019,0.111134841278,1.066318926975
2020-07-21,1.038614033179,1.144300000000,0.009325998370,1.270667925157,0.743100201312,0.111758960836,1.065456238361
2020-07-22,1.046530487362,1.157800000000,0.009341616911,1.270590301022,0.745045045045,0.113049846214,1.073528048215
2020-07-23,1.045946563178,1.156900000000,0.009331343765,1.268600252207,0.747061862327,0.112714341387,1.078091510577
2020-07-24,1.050164428668,1.160800000000,0.009409857328,1.275814694730,0.745153421492,0.113039244328,1.081826654240
2020-07-27,1.061406661578,1.176000000000,0.009493057798,1.287497262974,0.747663551402,0.114532811313,1.085071046319
2020-07-28,1.059254524262,1.171700000000,0.009499756770,1.288035353091,0.746638628688,0.113956428710,1.089142963376
2020-07-29,1.060934243314,1.172500000000,0.009510869565,1.297228522432,0.748483881264,0.113978808205,1.089076723017
2020-07-30,1.061568900840,1.174300000000,0.009502346658,1.300903974831,0.744594508909,0.113934489851,1.092982129561
2020-07-31,1.069416372110,1.184800000000,0.009531011182,1.315669661200,0.745250974965,0.115213691836,1.100195004179
2020-08-03,1.058872687500,1.172600000000,0.009417717452,1.302700721007,0.744271659791,0.113891101226,1.087351632047
2020-08-04,1.061477759006,1.176500000000,0.009428594326,1.302374494936,0.745894883662,0.114195583596,1.093299879193
2020-08-05,1.069105922784,1.185400000000,0.009455212571,1.313244336121,0.754887601095,0.115238419287,1.100649953575
2020-08-06,1.068707226017,1.184300000000,0.009477432778,1.315406573145,0.752032004064,0.114796684922,1.100752858072
2020-08-07,1.065744282784,1.181700000000,0.009460411496,1.307580804001,0.749334178821,0.114546882119,1.093761569789
2020-08-10,1.061803585066,1.176300000000,0.009430014430,1.304752925517,0.747379121926,0.114420504839,1.090176088971
2020-08-11,1.064258992257,1.178300000000,0.009428662879,1.311510078693,0.752618804292,0.114581611319,1.096807223308
2020-08-12,1.061026639959,1.177100000000,0.009347998729,1.301022381873,0.752429046280,0.114824461288,1.094467689447
2020-08-13,1.065557120091,1.183300000000,0.009348238268,1.309351244288,0.756730830722,0.115165258691,1.097273738872
2020-08-14,1.064847544131,1.181300000000,0.009374652805,1.310037372606,0.754872515816,0.114763972681,1.098474986052
2020-08-17,1.067586127159,1.185300000000,0.009407889515,1.307917241379,0.755738332058,0.114957132327,1.101068276823
2020-08-18,1.073412751083,1.190600000000,0.009483829855,1.317399723375,0.759698825932,0.115368217054,1.105170333241
2020-08-19,1.075381407409,1.193300000000,0.009490217910,1.320825723615,0.760645079041,0.115697110723,1.103783183794
2020-08-20,1.068670639922,1.185000000000,0.009445241511,1.314140596409,0.756995017248,0.114431944377,1.098646393473
2020-08-21,1.064035878353,1.176900000000,0.009450734763,1.311236142833,0.756216667738,0.113567499759,1.095402084885
2020-08-24,1.069219558340,1.184700000000,0.009457927511,1.313778763515,0.760690895082,0.114254026425,1.100919988849
2020-08-25,1.065838544411,1.181400000000,0.009400811650,1.313469342376,0.757453356415,0.114117362956,1.098772321429
2020-08-26,1.064883452718,1.178900000000,0.009405616723,1.314416322890,0.758476484591,0.114070906065,1.097876699572
2020-08-27,1.066849140165,1.180600000000,0.009419179831,1.319032456287,0.760646865537,0.114467994338,1.098232558140
2020-08-28,1.076679053975,1.191500000000,0.009502352660,1.331761076586,0.766090143381,0.116127208756,1.107547871352
2020-08-31,1.076557547021,1.194000000000,0.009440974144,1.332514926622,0.765335555413,0.116048518778,1.108223501021
2020-09-01,1.080345389469,1.198700000000,0.009444531989,1.347232368643,0.768397435897,0.115699049274,1.103267372296
2020-09-02,1.071689029789,1.186100000000,0.009413492063,1.335096803242,0.765472733140,0.115082714792,1.098342439115
2020-09-03,1.067151436285,1.181300000000,0.009386571315,1.325293094744,0.762571815893,0.114253382724,1.096232368226
2020-09-04,1.069336752080,1.184200000000,0.009414102870,1.325720682900,0.763605880836,0.114208008641,1.097192624849
2020-09-07,1.067465873244,1.182400000000,0.009414762322,1.316190794234,0.763626969775,0.114032211399,1.093903228791
2020-09-08,1.063485466787,1.178500000000,0.009412939297,1.302886581982,0.759196031695,0.113606786523,1.089186691312
2020-09-09,1.061528938420,1.177300000000,0.009414634146,1.290715139289,0.756473687592,0.113617062343,1.089487321858
2020-09-10,1.066708717628,1.184900000000,0.009421914758,1.293700185610,0.760233542923,0.114258989615,1.100594464054
2020-09-11,1.065794044434,1.185400000000,0.009421395645,1.282789368886,0.758801689924,0.114296182735,1.099935046859
2020-09-14,1.067754306767,1.187600000000,0.009438880941,1.288209133312,0.759286490634,0.113997197105,1.102897473997
2020-09-15,1.070102575378,1.189200000000,0.009484009889,1.291275313535,0.760649865677,0.114302191465,1.104383358098
2020-09-16,1.070002368020,1.186900000000,0.009516516998,1.298250987170,0.759470181725,0.113995658772,1.103784990235
2020-09-17,1.065985270220,1.179700000000,0.009561517264,1.288867038130,0.757821031670,0.113345503459,1.098212623348
2020-09-18,1.069053712827,1.183300000000,0.009582152401,1.295801484921,0.758477020704,0.113789787480,1.098088344469
2020-09-21,1.065844271700,1.178700000000,0.009606356968,1.286678019387,0.755383235068,0.113276632550,1.095344298857
2020-09-22,1.061163622841,1.174000000000,0.009561817886,1.279661663560,0.751071588510,0.112808686461,1.092296241161
2020-09-23,1.056453156348,1.169200000000,0.009512651534,1.272460140393,0.749775554701,0.112005211327,1.085305857236
2020-09-24,1.052704270036,1.164500000000,0.009488307667,1.276472135748,0.746474358974,0.110073445313,1.081043445971
2020-09-25,1.051519602700,1.163400000000,0.009478572592,1.273660816921,0.747686375321,0.109460413040,1.077421744768
2020-09-28,1.055113305532,1.167000000000,0.009486262396,1.289388783312,0.747119078105,0.110236815507,1.078957100592
2020-09-29,1.056528365082,1.170200000000,0.009466871612,1.286457130921,0.747492813798,0.111084742223,1.084020379805
2020-09-30,1.056184477267,1.170800000000,0.009460245637,1.283279443196,0.746874202603,0.110752698344,1.083672713810
2020-10-01,1.061199050091,1.175200000000,0.009478948217,1.295371625718,0.752561475410,0.112080722535,1.089459534625
2020-10-02,1.060543249980,1.173000000000,0.009505672609,1.293659634070,0.751778504134,0.112517985612,1.087117701576
2020-10-05,1.062209856008,1.176800000000,0.009471227364,1.295892522850,0.753682592545,0.112456400210,1.091549948984
2020-10-06,1.063496930849,1.179500000000,0.009467811848,1.295328252323,0.754638515675,0.112185889022,1.094054354884
2020-10-07,1.060606167812,1.177000000000,0.009436382586,1.287563038080,0.752557544757,0.112277019937,1.091128209882
2020-10-08,1.061152368852,1.176500000000,0.009435399791,1.292360081287,0.754989411538,0.112618218019,1.089452727104
2020-10-09,1.063709531388,1.179500000000,0.009439775910,1.293779547424,0.758911337022,0.113195777351,1.094866796621
2020-10-12,1.066165773147,1.179900000000,0.009483964312,1.302346630168,0.761569741173,0.113525059413,1.098398808416
2020-10-13,1.065640087328,1.178700000000,0.009476603956,1.301122628076,0.762912621359,0.113961133134,1.098099496926
2020-10-14,1.063655439162,1.175000000000,0.009498787389,1.299850655457,0.761404872991,0.113358995880,1.094244738313
2020-10-15,1.059608588844,1.169800000000,0.009498984978,1.292096979069,0.757005112276,0.112719213721,1.093577638590
2020-10-16,1.062039834222,1.174100000000,0.009499959544,1.291426057306,0.757630509131,0.113337773788,1.095140378696
2020-10-19,1.065420840615,1.178500000000,0.009495608734,1.300944937519,0.759196031695,0.113778987816,1.098936963819
2020-10-20,1.065213881624,1.181000000000,0.009463899351,1.293127046174,0.758169095461,0.113771012957,1.101268183514
2020-10-21,1.070793646410,1.185200000000,0.009537297819,1.305947947198,0.761843543100,0.114351874186,1.106112925805
2020-10-22,1.069423558284,1.182100000000,0.009554639509,1.309472378230,0.759753197506,0.113948332369,1.102088383368
2020-10-23,1.071394377449,1.185600000000,0.009548200048,1.307526881720,0.761806849579,0.114420274470,1.106486234251
2020-10-26,1.067943894342,1.181900000000,0.009520702433,1.302297394083,0.758600770218,0.114220826287,1.102621513201
2020-10-27,1.069907531522,1.183200000000,0.009561984807,1.304261557794,0.758996728462,0.114806908597,1.102497204622
2020-10-28,1.062666290614,1.172700000000,0.009584014384,1.293485694117,0.752792399538,0.113074920451,1.096698774899
2020-10-29,1.060657448093,1.170400000000,0.009586370710,1.294260754174,0.747477327884,0.112295514512,1.095469861475
2020-10-30,1.060756282291,1.169800000000,0.009560313828,1.296780773324,0.751992800206,0.112860588519,1.093475415966
2020-11-02,1.058061145848,1.165200000000,0.009556302797,1.293904700565,0.753394542868,0.112443908323,1.089481065919
2020-11-03,1.061932060882,1.170200000000,0.009547976501,1.299615734879,0.760610984725,0.112698030529,1.092725744701
2020-11-04,1.064257518753,1.172100000000,0.009583026735,1.302999310759,0.760560638505,0.113224497682,1.097985948478
2020-11-05,1.074622746995,1.185500000000,0.009649194205,1.310668877833,0.765925830211,0.115354675489,1.105464378963
2020-11-06,1.076163088093,1.187000000000,0.009677156367,1.312617494194,0.764573268921,0.115461310248,1.111215128253
2020-11-09,1.075211771706,1.188300000000,0.009531563327,1.317055328959,0.772225110476,0.116534274787,1.102523659306
2020-11-10,1.070123554444,1.180800000000,0.009495014474,1.324019151632,0.767101929448,0.115764705882,1.091615050384
2020-11-11,1.067473868815,1.176600000000,0.009483356170,1.322988699612,0.765816193700,0.115638636632,1.090151023812
2020-11-12,1.067805019715,1.179100000000,0.009489738431,1.313540912382,0.763517451272,0.115796710042,1.091254049051
2020-11-13,1.069855871574,1.181500000000,0.009537455602,1.317418016792,0.760883565173,0.115226698655,1.093475242943
2020-11-16,1.070873429066,1.183000000000,0.009528795812,1.317093265345,0.764409408116,0.115371862139,1.093446714114
2020-11-17,1.076058690117,1.188200000000,0.009599289061,1.326338114640,0.763624678663,0.116063492063,1.098557692308
2020-11-18,1.076297155655,1.186800000000,0.009626865672,1.327917827532,0.764986463839,0.116199148186,1.097669256382
2020-11-19,1.073514439181,1.183200000000,0.009613259669,1.323815704088,0.763305593188,0.115931804821,1.095859961100
2020-11-20,1.076157332753,1.186300000000,0.009630621854,1.327061403018,0.766145698786,0.116112677159,1.097308297105
2020-11-23,1.079530512742,1.190100000000,0.009638778651,1.338875888759,0.766323245332,0.116510842430,1.101332593004
2020-11-24,1.075254318289,1.186500000000,0.009563920684,1.332966341617,0.765286377709,0.116277930223,1.095264469676
2020-11-25,1.077609187081,1.189000000000,0.009574039778,1.334021474492,0.768187104277,0.117306971329,1.097369635441
2020-11-26,1.078769651774,1.190000000000,0.009593679458,1.335143443773,0.769131334023,0.117162885948,1.100527143253
2020-11-27,1.079774270400,1.192200000000,0.009596715769,1.332930837861,0.769310189069,0.117200633092,1.101237760946
2020-11-30,1.083392503737,1.198000000000,0.009600128215,1.333407535200,0.772106212941,0.117707166578,1.105268013654
2020-12-01,1.081968787398,1.196800000000,0.009580531540,1.332769103989,0.771034660482,0.117178244480,1.104466592839
2020-12-02,1.087089865606,1.206600000000,0.009566320463,1.333407006299,0.772520647929,0.117358699775,1.115260190406
2020-12-03,1.093755612797,1.215100000000,0.009606292988,1.344761946922,0.774343614581,0.117942247027,1.121872403287
2020-12-04,1.095247682518,1.215900000000,0.009616418855,1.346780089054,0.777777777778,0.118534188617,1.123544631307
2020-12-07,1.092374812047,1.212800000000,0.009602533650,1.329605876226,0.780588273154,0.118880981788,1.122755045362
2020-12-08,1.091492979777,1.211400000000,0.009600570613,1.329120173793,0.781145215373,0.118349322964,1.123643446805
2020-12-09,1.092851676302,1.210900000000,0.009606505355,1.345444444444,0.782639607032,0.117854883449,1.124953548867
2020-12-10,1.091455670364,1.211500000000,0.009574804394,1.329857299671,0.783837991718,0.118316324039,1.126243376406
2020-12-11,1.091061012293,1.212700000000,0.009603262591,1.313953236397,0.783043843223,0.118242979719,1.124327832375
2020-12-14,1.096919003818,1.216200000000,0.009643961621,1.340904079383,0.785861979840,0.119317178456,1.128619153675
2020-12-15,1.094897486282,1.214000000000,0.009628807107,1.337078032931,0.784592515996,0.119103681030,1.127205199629
2020-12-16,1.100136368289,1.218900000000,0.009676113360,1.355086158977,0.783808115234,0.119752419315,1.130076024476
2020-12-17,1.104919337211,1.224600000000,0.009704413979,1.359911160466,0.787726746430,0.120846696600,1.131688383698
2020-12-18,1.103593224683,1.225900000000,0.009676375405,1.349693926983,0.783923775419,0.120977371636,1.130382664822
2020-12-21,1.095710663590,1.217300000000,0.009658045065,1.328785067132,0.776042330741,0.120152399001,1.126086956522
2020-12-22,1.101048978056,1.223900000000,0.009673569396,1.342761223505,0.776931378150,0.121006891233,1.129371597306
2020-12-23,1.096399809106,1.216600000000,0.009656321930,1.341345093716,0.776338459575,0.120201950342,1.122635415705
2020-12-24,1.099655052882,1.219300000000,0.009647887324,1.357870705496,0.778806847215,0.121006718736,1.123675237305
2020-12-28,1.100641007260,1.221900000000,0.009656235183,1.351539686753,0.779422083307,0.120896408430,1.125760088447
2020-12-29,1.102382785887,1.225900000000,0.009635306138,1.349174031234,0.780182014892,0.121568821896,1.128613515006
2020-12-30,1.106387261005,1.228100000000,0.009702931184,1.359916728493,0.782179479014,0.122116378967,1.131159620521
2020-12-31,1.106851979179,1.227100000000,0.009701162147,1.364915520061,0.784942109640,0.122290543436,1.135993334568
2021-01-04,1.108338375828,1.229600000000,0.009710946138,1.363797692990,0.787145509250,0.121869270033,1.137360096198
2021-01-05,1.106447690903,1.227100000000,0.009719603960,1.358418296746,0.784039358507,0.122014517252,1.135888179209
2021-01-06,1.110782933381,1.233800000000,0.009712666299,1.361284272080,0.788874680307,0.122579555503,1.140190370576
2021-01-07,1.105876133994,1.227600000000,0.009656257374,1.361126510700,0.786872636369,0.122058165548,1.133204098588
2021-01-08,1.103821002782,1.225000000000,0.009625962596,1.359178057873,0.788136138455,0.121878420058,1.131430682553
2021-01-11,1.096444707980,1.216300000000,0.009595298201,1.347924862858,0.782136197029,0.120712584359,1.122255028603
2021-01-12,1.097637269712,1.216100000000,0.009595234338,1.359682468694,0.784074790458,0.120551557327,1.124768775435
2021-01-13,1.099105372560,1.216600000000,0.009621955078,1.367227447939,0.785562084329,0.120000394543,1.125231224565
2021-01-14,1.096580367320,1.212400000000,0.009606211869,1.363120200578,0.788245237631,0.119969522754,1.122073114299
2021-01-15,1.096967843359,1.212300000000,0.009641323366,1.362165441920,0.786543826640,0.119668328315,1.125626740947
2021-01-18,1.092404924399,1.206400000000,0.009637322256,1.354394709957,0.782715889184,0.118810321056,1.122545826742
2021-01-19,1.096964742583,1.213200000000,0.009616360178,1.361616161616,0.785853089778,0.120174734778,1.126566997864
2021-01-20,1.095921460735,1.210100000000,0.009633020220,1.366371961203,0.786852201053,0.119359261415,1.122750046391
2021-01-21,1.101324888868,1.215800000000,0.009670696787,1.371847672779,0.792310198762,0.120585172328,1.128562146106
2021-01-22,1.099265943262,1.215800000000,0.009634677867,1.365377056544,0.786518307672,0.120597133363,1.128562146106
2021-01-25,1.099352989293,1.215200000000,0.009639854038,1.368468468468,0.786079306553,0.120765217391,1.128109914593
2021-01-26,1.098892758488,1.214300000000,0.009642658620,1.369027486527,0.786260036260,0.120567939234,1.125498192604
2021-01-27,1.096617714781,1.211400000000,0.009624215460,1.370439504497,0.783925451369,0.119775754160,1.125941072590
2021-01-28,1.092850266935,1.209100000000,0.009580824089,1.364626479916,0.776856849139,0.119295926120,1.121302049522
2021-01-29,1.096190546081,1.213600000000,0.009552144825,1.373114739260,0.781958762887,0.120027692612,1.123911835525
2021-02-01,1.092193156000,1.208400000000,0.009532223712,1.370068027211,0.780922838309,0.118905408996,1.117233727811
2021-02-02,1.089612329940,1.204400000000,0.009523960146,1.367470905478,0.780962261704,0.118551475003,1.114359733531
2021-02-03,1.087863540653,1.201700000000,0.009518415842,1.363321799308,0.781695179861,0.118624325045,1.112273232136
2021-02-04,1.086628535278,1.199600000000,0.009502534854,1.367954112643,0.781091287928,0.118352769392,1.108892586430
2021-02-05,1.085025776306,1.198300000000,0.009456281566,1.368891224383,0.780956725756,0.118376338562,1.106974595843
2021-02-08,1.087887791263,1.202500000000,0.009470741120,1.369075404461,0.782724728243,0.118885197928,1.109112709832
2021-02-09,1.095457259245,1.210400000000,0.009562332122,1.378148198752,0.785260153108,0.119772803736,1.118979384302
2021-02-10,1.097329458693,1.212700000000,0.009545812343,1.383571021107,0.787774457581,0.120307539683,1.122350763535
2021-02-11,1.098905726734,1.214700000000,0.009555538074,1.384194632784,0.789586583463,0.120424713487,1.124513978893
2021-02-12,1.095135728641,1.210800000000,0.009522611089,1.379781887799,0.785315864574,0.120097601619,1.120799777839
2021-02-15,1.097509246145,1.212900000000,0.009496554964,1.390541702494,0.790368825753,0.120764673670,1.122847620811
2021-02-16,1.097820992160,1.214300000000,0.009474875156,1.390425154294,0.790302635861,0.120928148185,1.124351851852
2021-02-17,1.091560080538,1.206000000000,0.009426293575,1.386844526219,0.788029273393,0.120103970601,1.116046640755
2021-02-18,1.094675608997,1.208400000000,0.009463544522,1.396348509360,0.789442738616,0.120444940595,1.115892510850
2021-02-19,1.099447827763,1.213900000000,0.009497691886,1.403222823323,0.793035865944,0.120990730589,1.118698737444
2021-02-22,1.098335388832,1.213300000000,0.009478906250,1.402172656882,0.791557933194,0.120949010617,1.114346069067
2021-02-23,1.099280316233,1.214300000000,0.009488201281,1.406937943180,0.792675762125,0.120529643563,1.109355015531
2021-02-24,1.098875991444,1.214600000000,0.009438184785,1.411833081483,0.795624263068,0.120384962287,1.101278447729
2021-02-25,1.103879296666,1.222500000000,0.009423417868,1.414799555597,0.801271547486,0.121438788890,1.103737811484
2021-02-26,1.094406532082,1.212100000000,0.009408522860,1.392370165302,0.790620311787,0.119550637156,1.103313307846
2021-03-01,1.089363338292,1.205300000000,0.009370286869,1.392476720811,0.789118763913,0.118360452898,1.094334483385
2021-03-02,1.087769098349,1.202800000000,0.009354487479,1.391598116460,0.790016420361,0.118619329389,1.088506787330
2021-03-03,1.089308625277,1.204800000000,0.009353311078,1.395235723964,0.790862544309,0.118992592593,1.088937093275
2021-03-04,1.087351742286,1.203400000000,0.009312079239,1.394922916425,0.791033984093,0.118450711157,1.082778477596
2021-03-05,1.078884334853,1.193800000000,0.009232791957,1.383314020857,0.787467018470,0.117196626842,1.078799927706
2021-03-08,1.074577390605,1.186600000000,0.009205585725,1.384145203434,0.789225141337,0.116558451126,1.070262469559
2021-03-09,1.076774377185,1.189400000000,0.009184555985,1.387799869318,0.793462308205,0.117344119968,1.074338361485
2021-03-10,1.076933948352,1.189200000000,0.009210037175,1.388360282529,0.790638920285,0.117388085484,1.074351793297
2021-03-11,1.082766781542,1.196900000000,0.009219688800,1.397105171005,0.795229552854,0.118159830199,1.081601301283
2021-03-12,1.079174261346,1.193300000000,0.009169356078,1.390225432516,0.796861435726,0.117696374324,1.075626464756
2021-03-15,1.078686591807,1.192000000000,0.009157255896,1.391385549200,0.801398413339,0.117034855179,1.075424034645
2021-03-16,1.079666953046,1.192600000000,0.009182322144,1.387631624876,0.802179323334,0.117627332623,1.080939001178
2021-03-17,1.078209588217,1.190700000000,0.009157821874,1.389900546295,0.801710207379,0.117478170786,1.077849189825
2021-03-18,1.078737749629,1.191200000000,0.009157441574,1.391995325738,0.803561791689,0.117278724033,1.076158641250
2021-03-19,1.076953284565,1.189100000000,0.009179404045,1.386495341814,0.799287490758,0.116872905261,1.074552683897
2021-03-22,1.079122832950,1.192600000000,0.009190105571,1.382997228439,0.800241562102,0.117405000984,1.081919622607
2021-03-23,1.076005442878,1.188300000000,0.009212342042,1.378570268452,0.795488017138,0.116713975622,1.073829748780
2021-03-24,1.071704750072,1.182500000000,0.009195178849,1.371014492754,0.794477291051,0.116347714862,1.068395374051
2021-03-25,1.069812968143,1.180200000000,0.009166601942,1.371241344054,0.794800996700,0.115779663511,1.068537799909
2021-03-26,1.068034307419,1.178200000000,0.009109324262,1.377963346315,0.795328743081,0.115617486875,1.062398557259
2021-03-29,1.068772434561,1.178400000000,0.009121449029,1.384398496241,0.794444818985,0.115297686023,1.064018058691
2021-03-30,1.064129568629,1.174100000000,0.009067809700,1.375178617442,0.792561090860,0.114576522596,1.061861264357
2021-03-31,1.062498807854,1.172500000000,0.009025479178,1.376028353812,0.793194425653,0.114520965395,1.059168925023
2021-04-01,1.063971500233,1.174600000000,0.009033300008,1.378719408416,0.794346385338,0.114312964098,1.058293539959
2021-04-06,1.069144182588,1.181200000000,0.009067321716,1.383818739895,0.795956873315,0.115115485820,1.067028003613
2021-04-07,1.073450987037,1.188400000000,0.009102328431,1.380816824493,0.793218528901,0.116100039078,1.076059398769
2021-04-08,1.073831290046,1.187300000000,0.009153496261,1.375941592305,0.794340001338,0.116318713078,1.077306959441
2021-04-09,1.073771591204,1.188800000000,0.009115166386,1.371829490641,0.795183946488,0.116864094372,1.079745685740
2021-04-12,1.075791475929,1.190400000000,0.009142857143,1.375898656927,0.797267430179,0.116734493748,1.082378614294
2021-04-13,1.074205743360,1.189600000000,0.009134608001,1.372119310711,0.792749566840,0.116501811772,1.081356240342
2021-04-14,1.079966671211,1.196400000000,0.009179774419,1.376469776111,0.796219885532,0.117949779658,1.084383213994
2021-04-15,1.081522492663,1.197000000000,0.009197786999,1.379779373624,0.800401203611,0.118166202689,1.083650190114
2021-04-16,1.082566922261,1.198600000000,0.009193832937,1.380986945952,0.799813158948,0.118608678442,1.088547815821
2021-04-19,1.087760535022,1.203500000000,0.009251287570,1.393665682358,0.800305891741,0.119176115265,1.094289870886
2021-04-20,1.087896984939,1.205100000000,0.009224586650,1.396488788458,0.798661276427,0.118977568912,1.092664792819
2021-04-21,1.084848808010,1.200700000000,0.009250385208,1.392115942029,0.793221906587,0.118280417286,1.088971521857
2021-04-22,1.087313847862,1.204600000000,0.009244819647,1.386909216510,0.799495586381,0.118988116993,1.091617580426
2021-04-23,1.089482706817,1.206600000000,0.009282966610,1.388412634486,0.801088832824,0.118988215571,1.093132813916
2021-04-26,1.090424549640,1.208500000000,0.009257698790,1.389479735556,0.804058549568,0.119289690844,1.091985181169
2021-04-27,1.090635940811,1.208800000000,0.009235941320,1.391104206226,0.806673340007,0.119207518515,1.095125928610
2021-04-28,1.088316456299,1.207000000000,0.009180801704,1.387547707730,0.807087930458,0.119374938186,1.092901122782
2021-04-29,1.093083586956,1.212900000000,0.009174735250,1.395581636175,0.813917594954,0.119943039665,1.100635208711
2021-04-30,1.090064560628,1.208200000000,0.009179456010,1.390925940849,0.814480248079,0.118870523416,1.098563375159
2021-05-03,1.086317762748,1.204400000000,0.009131159970,1.386950413413,0.813399068008,0.118306926122,1.093318809005
2021-05-04,1.085248885726,1.202100000000,0.009158159378,1.385386654374,0.810258829873,0.118231978991,1.094808743169
2021-05-05,1.085238463624,1.200500000000,0.009150152439,1.391496858845,0.814948068699,0.117759576242,1.094847241222
2021-05-06,1.088670344424,1.206000000000,0.009157870757,1.390875121096,0.816851801680,0.118304885227,1.101068200493
2021-05-07,1.089129685556,1.205900000000,0.009152246509,1.389125676765,0.820954455715,0.119085944521,1.099972635228
2021-05-10,1.098834687307,1.216900000000,0.009197339581,1.411798828238,0.825408668521,0.120205462538,1.112441722278
2021-05-11,1.099510493262,1.217000000000,0.009211323040,1.414902398475,0.826261117523,0.120340156235,1.108782798834
2021-05-12,1.096234044063,1.211800000000,0.009192838719,1.412387235134,0.827562657925,0.119908964971,1.105051978844
2021-05-13,1.091254216142,1.208100000000,0.009126690338,1.403739121341,0.823798158882,0.118767204090,1.102281021898
2021-05-14,1.094826619784,1.212300000000,0.009150124538,1.408291997258,0.824693877551,0.119715597689,1.106921110299
2021-05-17,1.096014210044,1.214300000000,0.009157616893,1.408455605173,0.824932065217,0.119574208287,1.108949771689
2021-05-18,1.102977330188,1.222200000000,0.009183259448,1.421195841764,0.831824678418,0.120576541736,1.114840828240
2021-05-19,1.100790502183,1.221200000000,0.009161290323,1.416163185787,0.828100630637,0.120157822754,1.109375000000
2021-05-20,1.100001045409,1.220300000000,0.009178638586,1.412384259259,0.825754499932,0.119856992722,1.110272040761
2021-05-21,1.100994723577,1.218800000000,0.009190860418,1.419354838710,0.830245231608,0.120410985971,1.112957720756
2021-05-24,1.101264173516,1.221200000000,0.009184026472,1.413295065272,0.829000067884,0.120114094620,1.114538651091
2021-05-25,1.104852674427,1.226400000000,0.009187205034,1.416607949361,0.831006911506,0.121020742466,1.117245148948
2021-05-26,1.102332664068,1.222900000000,0.009183688795,1.416541179196,0.827178030303,0.120479197659,1.115988319036
2021-05-27,1.099871836267,1.219800000000,0.009142557338,1.417251475577,0.827207378272,0.120416987502,1.112245828394
2021-05-28,1.095216376462,1.214200000000,0.009084923307,1.415729026992,0.825368771667,0.119920987654,1.107846715328
2021-05-31,1.099813860440,1.220100000000,0.009119515659,1.418506504831,0.828478305154,0.120551328920,1.110999817884
2021-06-01,1.101443312401,1.222500000000,0.009119731443,1.416816364374,0.831180310035,0.121093556535,1.112779901693
2021-06-02,1.098698909945,1.218600000000,0.009113072091,1.414920174165,0.828697721863,0.120775436580,1.109633946458
2021-06-03,1.098817499294,1.218700000000,0.009107690008,1.417834913618,0.828484024473,0.120490385091,1.111851108476
2021-06-04,1.093782205277,1.211700000000,0.009083889347,1.414050647684,0.825408719346,0.119910935181,1.106474294585
2021-06-07,1.098518744572,1.216200000000,0.009145736201,1.417069618410,0.828417682719,0.120952343066,1.112310224986
2021-06-08,1.099272260581,1.218200000000,0.009140156062,1.414866434379,0.828369373045,0.120907151010,1.116181051860
2021-06-09,1.100283257054,1.219500000000,0.009143049933,1.417149895994,0.827958449318,0.121228689299,1.117474571612
2021-06-10,1.097970042749,1.217400000000,0.009129358830,1.410774918012,0.825971911256,0.120875738470,1.115959299661
2021-06-11,1.095554829431,1.212500000000,0.009124774232,1.414654066037,0.825560019064,0.120475343541,1.114122944041
2021-06-14,1.093498574989,1.211200000000,0.009110191801,1.410044471350,0.821876908462,0.119987319702,1.112315180457
2021-06-15,1.092156363591,1.210800000000,0.009084633854,1.405455600696,0.820436373492,0.120049971247,1.110927608037
2021-06-16,1.093966883837,1.212400000000,0.009102785494,1.412559711057,0.821186670279,0.119704195176,1.112701908957
2021-06-17,1.079077748989,1.193700000000,0.009037020213,1.395732242034,0.811047696698,0.117138511359,1.092631578947
2021-06-18,1.076346004763,1.189800000000,0.009074130567,1.386955761497,0.808233136336,0.116270888303,1.087469152728
2021-06-21,1.075971287200,1.189100000000,0.009083339699,1.388000466908,0.805732484076,0.116392431702,1.085539528939
2021-06-22,1.076044438814,1.189400000000,0.009044866920,1.390135577373,0.807687084069,0.117101506350,1.086904870694
2021-06-23,1.080484473522,1.195100000000,0.009023708849,1.398841224323,0.814822390400,0.117990285128,1.090121317158
2021-06-24,1.078814573943,1.193600000000,0.009028744327,1.389797748099,0.813189807876,0.118022801657,1.088355977022
2021-06-25,1.079802266964,1.195000000000,0.009034550541,1.390343222804,0.813146434404,0.118196294868,1.090726542534
2021-06-28,1.076685586420,1.191000000000,0.009013849996,1.389569478474,0.810921222850,0.117608721412,1.085787218525
2021-06-29,1.074989596800,1.188800000000,0.009037555116,1.383161911854,0.808377532980,0.117111614619,1.084176926585
2021-06-30,1.075020171871,1.188400000000,0.009042075630,1.385000874075,0.807227278902,0.117535357531,1.082331511840
2021-07-01,1.073124296336,1.188400000000,0.008974475155,1.381330419723,0.808545380324,0.116809844896,1.081838871188
2021-07-02,1.068965389371,1.182300000000,0.008974495218,1.374719486530,0.805546092526,0.116387584537,1.080219278209
2021-07-05,1.073717656912,1.186600000000,0.009018087855,1.385163135470,0.808916763242,0.116981318085,1.085139460448
2021-07-06,1.072544793948,1.183800000000,0.009037331094,1.385371562317,0.808606557377,0.116642033698,1.083074107960
2021-07-07,1.071457452709,1.183100000000,0.009040959804,1.383742690058,0.804392167528,0.116203235343,1.083722634423
2021-07-08,1.071499158522,1.183800000000,0.009112462474,1.374386123785,0.794870073189,0.116163598540,1.090959358584
2021-07-09,1.073553197210,1.185800000000,0.009089376054,1.382728141981,0.800296956199,0.116422687599,1.092701806119
2021-07-12,1.073103761120,1.185200000000,0.009078513979,1.385064859180,0.800108013232,0.116186965728,1.092148912643
2021-07-13,1.072732716030,1.184400000000,0.009072386059,1.384971584929,0.801244757137,0.116325207724,1.090909090909
2021-07-14,1.071006506792,1.181200000000,0.009065234075,1.387068742807,0.801792017377,0.115747182754,1.089667896679
2021-07-15,1.070637569079,1.180900000000,0.009088740091,1.386228107245,0.797474338196,0.115395514731,1.090598448467
2021-07-16,1.069262212804,1.180200000000,0.009076366992,1.383619780065,0.794426494346,0.115222400125,1.087441260481
2021-07-19,1.065587034524,1.176600000000,0.009123759305,1.369524984577,0.782938514772,0.114753298938,1.085424354244
2021-07-20,1.065448286147,1.177500000000,0.009125784701,1.360563868508,0.783798176130,0.114838835520,1.086455065510
2021-07-21,1.065135721077,1.177200000000,0.009081231196,1.363083727985,0.788373961961,0.114907074809,1.085176991150
2021-07-22,1.067398895937,1.177500000000,0.009069552492,1.376178955857,0.796738615603,0.115164555724,1.087358020131
2021-07-23,1.066261140543,1.176700000000,0.009043885943,1.375565505068,0.795712740060,0.115244111454,1.085716921941
2021-07-26,1.068220434324,1.178700000000,0.009063437140,1.379112650349,0.796203728722,0.115502204802,1.088767781267
2021-07-27,1.070357869887,1.181000000000,0.009086013233,1.381238085213,0.795875732866,0.116182980817,1.092911345549
2021-07-28,1.070553706583,1.180700000000,0.009084404093,1.387508079206,0.795619946092,0.115796906721,1.093038326236
2021-07-29,1.076286911618,1.187300000000,0.009104363162,1.395510108134,0.801796326310,0.116774034915,1.100574712644
2021-07-30,1.077940482195,1.189100000000,0.009119564384,1.396640826873,0.803934825232,0.116729493069,1.103982917092
2021-08-02,1.077039098991,1.188600000000,0.009131136206,1.389070680628,0.802240820734,0.116632322638,1.104544187343
2021-08-03,1.077586605588,1.188500000000,0.009163454125,1.392419893386,0.799045313971,0.116468224803,1.107126222636
2021-08-04,1.076300768862,1.186100000000,0.009172531127,1.392904536540,0.797110215054,0.116318525056,1.105508435082
2021-08-05,1.075120104039,1.185000000000,0.009130133292,1.393134258171,0.799757035837,0.116195836561,1.104071555017
2021-08-06,1.072284106691,1.180700000000,0.009107528541,1.391678453560,0.799769694507,0.116115771565,1.100988437150
2021-08-09,1.068165628738,1.176100000000,0.009081853282,1.387810490294,0.797518139283,0.115106435038,1.090394956425
2021-08-10,1.064966377764,1.172200000000,0.009053135619,1.386103490682,0.795844931767,0.114758431641,1.084065476741
2021-08-11,1.064385510906,1.171800000000,0.009036088834,1.383503742709,0.798392041970,0.114539856312,1.083194675541
2021-08-12,1.066383196507,1.173900000000,0.009057171515,1.385247159057,0.798897509187,0.115220399870,1.084534368071
2021-08-13,1.067928796886,1.176500000000,0.009075131132,1.382604914623,0.799035588155,0.115351053504,1.086434573830
2021-08-16,1.070026128416,1.177200000000,0.009143300971,1.387013537874,0.796373968340,0.115402713513,1.094255437814
2021-08-17,1.068979656344,1.176700000000,0.009152212802,1.379112314382,0.793031405850,0.115421587476,1.098385139550
2021-08-18,1.065169466824,1.172300000000,0.009110903863,1.376213563739,0.792469411208,0.114669431593,1.092951706135
2021-08-19,1.061860149196,1.169600000000,0.009122533344,1.367585327923,0.783966753804,0.113776532617,1.090739531847
2021-08-20,1.058499463607,1.167100000000,0.009120106275,1.361049562682,0.774503948504,0.113022089228,1.089627485762
2021-08-23,1.062564116862,1.171800000000,0.009082312820,1.368365738308,0.785862785863,0.114240589629,1.090655249442
2021-08-24,1.065957535953,1.174000000000,0.009119154886,1.371847904835,0.792065848064,0.114996571652,1.096069461301
2021-08-25,1.065002075352,1.173600000000,0.009097674419,1.371188222923,0.791528967424,0.114779751193,1.092839184282
2021-08-26,1.066443213685,1.176700000000,0.009079475309,1.372757180522,0.793031405850,0.114897522775,1.090647882102
2021-08-27,1.065440603824,1.176100000000,0.009075545953,1.372297352485,0.788587903983,0.114915237676,1.089384957392
2021-08-30,1.069435076335,1.180100000000,0.009101496221,1.376242011475,0.793771440102,0.115908577490,1.092887571773
2021-08-31,1.071697599538,1.183400000000,0.009106579454,1.378049490539,0.794441460795,0.116447724477,1.095842207612
2021-09-01,1.069412717360,1.181700000000,0.009065592635,1.376262185109,0.794206599906,0.115897254833,1.089626556017
2021-09-02,1.071591409772,1.184600000000,0.009090630036,1.378804632486,0.792692719486,0.116206751096,1.091998525074
2021-09-03,1.074200529874,1.187200000000,0.009094530412,1.383038210624,0.797903084885,0.116726314548,1.092884101998
2021-09-06,1.073937667190,1.186400000000,0.009102347706,1.384202543461,0.797151112007,0.116705030593,1.091544760328
2021-09-07,1.072503472231,1.186000000000,0.009087426251,1.377228125181,0.794054633101,0.116830025119,1.092785404957
2021-09-08,1.069655018836,1.182700000000,0.009076049421,1.377266428330,0.789413963423,0.116247297032,1.086241734019
2021-09-09,1.071307167183,1.183800000000,0.009099154497,1.383671322541,0.789094787362,0.116214916113,1.089954884449
2021-09-10,1.072684044465,1.184100000000,0.009106360071,1.388810696692,0.793685903881,0.116267195585,1.090934217800
2021-09-13,1.067832174749,1.178000000000,0.009088103688,1.383928571429,0.788962561114,0.115656878050,1.083417640026
2021-09-14,1.070030295450,1.181400000000,0.009082103321,1.385643912738,0.790181258779,0.116448010409,1.085147423533
2021-09-15,1.071845602028,1.182400000000,0.009158082255,1.382762250029,0.788056518262,0.116653512234,1.090272014753
2021-09-16,1.068416623415,1.176300000000,0.009141991140,1.383475448398,0.791428379197,0.115871077050,1.080562189969
2021-09-17,1.067585435364,1.178000000000,0.009088804876,1.379988988203,0.789914839402,0.115998542633,1.077669014729
2021-09-20,1.061929483980,1.171100000000,0.009136370729,1.366431363398,0.777829436769,0.114619322130,1.076081962694
2021-09-21,1.064605592406,1.173800000000,0.009146018389,1.367188864947,0.782794264755,0.115346442224,1.082342093130
2021-09-22,1.063403429539,1.172900000000,0.009127626459,1.363837209302,0.782089751284,0.115263664773,1.084011090573
2021-09-23,1.063365336975,1.171500000000,0.009089851024,1.370255570501,0.788888888889,0.115534823172,1.081617579171
2021-09-24,1.062234034434,1.171900000000,0.009050119700,1.367396707233,0.786774085264,0.115594791872,1.082086795937
2021-09-27,1.060695266836,1.169800000000,0.009016494528,1.369468508546,0.789765055361,0.114981619454,1.078156682028
2021-09-28,1.057685264427,1.167800000000,0.008971345164,1.358696916812,0.790335679480,0.114565449854,1.077306273063
2021-09-29,1.055201412122,1.165400000000,0.008972207252,1.348171627546,0.787805042926,0.114445644702,1.076184319882
2021-09-30,1.049615871121,1.157900000000,0.008929590499,1.345566104610,0.785016949153,0.113873508846,1.069159741459
2021-10-01,1.053632483426,1.160000000000,0.008994339769,1.354301659020,0.789223023541,0.114242943529,1.074969882309
2021-10-04,1.057030956827,1.163600000000,0.009005494931,1.360458318719,0.793291518953,0.114713856164,1.080609212481
2021-10-05,1.055250778540,1.160200000000,0.008994495697,1.362168762401,0.794004927457,0.114519790741,1.079055059524
2021-10-06,1.050995887215,1.154200000000,0.008980703392,1.358361774744,0.791903945111,0.113571063093,1.077181521232
2021-10-07,1.052643644394,1.156200000000,0.008978102190,1.359867330017,0.794912341011,0.113964101604,1.079350261389
2021-10-08,1.053059206121,1.156900000000,0.008946025363,1.362822476146,0.797917097731,0.114388261583,1.077790199366
2021-10-11,1.052010195752,1.157400000000,0.008855394032,1.363604231956,0.802023421800,0.114409418463,1.079462786794
2021-10-12,1.050207476699,1.155500000000,0.008816572562,1.363341395788,0.802709274053,0.114317655672,1.076987603691
2021-10-13,1.050328305482,1.156200000000,0.008805788271,1.361869537563,0.803698039761,0.114254656851,1.078343592613
2021-10-14,1.054608810146,1.160200000000,0.008812761109,1.371103074996,0.807882459439,0.115860113044,1.085719633165
2021-10-15,1.053494525557,1.160200000000,0.008746324915,1.375165939693,0.808952726259,0.115686821953,1.081368254264
2021-10-18,1.053557942502,1.160400000000,0.008760380492,1.374262772685,0.806729699666,0.115606475716,1.083271097834
2021-10-19,1.057481513388,1.165500000000,0.008755258413,1.382972411747,0.809993745222,0.116201395813,1.087625979843
2021-10-20,1.055007357146,1.162300000000,0.008753577346,1.375454125889,0.810021604293,0.116055916126,1.082316789273
2021-10-21,1.056561144331,1.163700000000,0.008759503199,1.380590817416,0.810432481371,0.116201507814,1.088587464920
2021-10-22,1.056771395722,1.163000000000,0.008781998037,1.378452056418,0.810961578690,0.116593816417,1.090176227972
2021-10-25,1.054932706241,1.160300000000,0.008798149833,1.375088883622,0.808740503241,0.116030000000,1.087849240578
2021-10-26,1.055669916998,1.161800000000,0.008770287612,1.380170590891,0.808996587981,0.116356862431,1.087420441782
2021-10-27,1.055466386425,1.161700000000,0.008800757576,1.374304980480,0.805952546136,0.116504367535,1.088753514527
2021-10-28,1.054613201713,1.159300000000,0.008802581625,1.374017754495,0.809284467714,0.116290500552,1.087931681682
2021-10-29,1.057736368036,1.164500000000,0.008780726889,1.378269617706,0.809636376278,0.117190644876,1.097446046555
2021-11-01,1.052791510190,1.157800000000,0.008758605038,1.368962459356,0.808237347295,0.116790235537,1.096193902670
2021-11-02,1.054278015274,1.160300000000,0.008788154207,1.365781884527,0.806379873514,0.117233993109,1.095242590145
2021-11-03,1.052408976342,1.157800000000,0.008777862017,1.364959975478,0.804810232170,0.116807909605,1.095571536715
2021-11-04,1.051245738117,1.156900000000,0.008779691887,1.355477445811,0.805360250609,0.116787805370,1.096172067463
2021-11-05,1.047719127545,1.151900000000,0.008794472439,1.346542755275,0.803221532669,0.116314763766,1.090917700540
2021-11-08,1.051989114631,1.157900000000,0.008819407419,1.354617562414,0.803483450142,0.116269028397,1.093286752903
2021-11-09,1.052868900226,1.157700000000,0.008844155844,1.355938158819,0.804125859554,0.116945300268,1.092994712991
2021-11-10,1.050901722094,1.155800000000,0.008829640947,1.351054378828,0.804258576299,0.115991770786,1.095026054003
2021-11-11,1.042097608260,1.146000000000,0.008775557087,1.339755430335,0.794784659130,0.115004816956,1.085124514724
2021-11-12,1.040987124775,1.144800000000,0.008772413793,1.338869071984,0.794117647059,0.114382774642,1.083270249811
2021-11-15,1.042030804353,1.144400000000,0.008781461019,1.343744495978,0.798381470629,0.114359948036,1.086490078800
2021-11-16,1.037123969011,1.136800000000,0.008752020941,1.344800255522,0.797866367209,0.113347890680,1.079787234043
2021-11-17,1.033444372881,1.131600000000,0.008719371244,1.345701034606,0.796564831761,0.112818160972,1.074643874644
2021-11-18,1.035587863094,1.134500000000,0.008755209137,1.347819372008,0.793634137810,0.112823827756,1.079345447626
2021-11-19,1.031398234602,1.127100000000,0.008790360318,1.342936802974,0.790725410411,0.111638272583,1.077327470847
2021-11-22,1.031227371698,1.127800000000,0.008763695703,1.343850910954,0.791050010521,0.111354660348,1.078821503731
2021-11-23,1.027560863791,1.125900000000,0.008703617811,1.337411652907,0.786023457135,0.111112207638,1.073103316813
2021-11-24,1.023951798999,1.120600000000,0.008682783202,1.335080717222,0.787657271385,0.109965163633,1.068866844716
2021-11-25,1.024598584512,1.122300000000,0.008672436442,1.331395693695,0.789074035014,0.110288915094,1.070896946565
2021-11-26,1.029754014901,1.129100000000,0.008764943332,1.334318128102,0.784260609849,0.110048732943,1.080892207544
2021-11-29,1.029456223722,1.127600000000,0.008794945792,1.333128406417,0.785127419579,0.109578923841,1.080076628352
2021-11-30,1.035576381897,1.136300000000,0.008863494540,1.334108226785,0.782683565229,0.110470542485,1.089453499521
2021-12-01,1.032078870903,1.131400000000,0.008820456849,1.331058823529,0.783898011501,0.110639546255,1.085067612928
2021-12-02,1.033902722245,1.133900000000,0.008862748163,1.331884653785,0.780600302905,0.110454129245,1.088822738621
2021-12-03,1.029834069601,1.129100000000,0.008823161679,1.327603235820,0.780250155483,0.109424819499,1.087031866757
2021-12-06,1.029986170180,1.128700000000,0.008833150728,1.325885725026,0.781810625476,0.109915472110,1.083621351767
2021-12-07,1.028628106468,1.125600000000,0.008805444731,1.325279926530,0.789451535980,0.109736480360,1.080852698291
2021-12-08,1.030363933150,1.129900000000,0.008788208758,1.319930376272,0.791191093061,0.110220167198,1.083109662577
2021-12-09,1.031168166807,1.131100000000,0.008822244755,1.319220900397,0.787509573209,0.110275909135,1.082806816006
2021-12-10,1.028509886545,1.127300000000,0.008793291732,1.320719348603,0.786122733612,0.110020202415,1.081446661550
2021-12-13,1.029005014957,1.127800000000,0.008797878150,1.324361774584,0.783847650820,0.110233603753,1.082549433672
2021-12-14,1.030338260908,1.130900000000,0.008804203970,1.325092272541,0.780469289165,0.109999027332,1.086985774702
2021-12-15,1.026874611796,1.126200000000,0.008781286550,1.325253000706,0.776903973510,0.109803539219,1.081221198157
2021-12-16,1.032193323750,1.133600000000,0.008762464250,1.336240938292,0.782656724662,0.110632899039,1.084058525390
2021-12-17,1.032449617919,1.133000000000,0.008832241971,1.329687353300,0.779927032422,0.110264420504,1.088481122106
2021-12-20,1.027316497506,1.127300000000,0.008808407564,1.323044422276,0.773766215938,0.109435977090,1.083109146810
2021-12-21,1.028193547606,1.129500000000,0.008793989411,1.324460600375,0.773683128981,0.109325848134,1.084285302870
2021-12-22,1.028524493428,1.130100000000,0.008755035637,1.331095406360,0.774624717253,0.109818669465,1.083301380368
2021-12-23,1.030366888525,1.131000000000,0.008741015534,1.342783872346,0.779462439697,0.109768525258,1.086142322097
2021-12-24,1.030668918514,1.131700000000,0.008742371572,1.341051558852,0.780375120673,0.109554695063,1.087963853105
2021-12-27,1.029666002183,1.131200000000,0.008715617536,1.341396893158,0.778580769495,0.109559322034,1.088110811851
2021-12-28,1.031608326361,1.133100000000,0.008705439459,1.344957743804,0.782149513357,0.110516151685,1.091513341682
2021-12-29,1.029493927259,1.130300000000,0.008696622297,1.343755572728,0.780270606102,0.110157102760,1.088921001927
2021-12-30,1.032066232607,1.133400000000,0.008689052438,1.350411056833,0.782680754092,0.110642534997,1.093698735887
2021-12-31,1.031950292628,1.132600000000,0.008686915171,1.347884038654,0.786910303620,0.110494326995,1.096312070468
2022-01-03,1.033686740836,1.135500000000,0.008697150735,1.349616687467,0.787447988904,0.110287690126,1.094774392595
2022-01-04,1.027016078789,1.127900000000,0.008598764962,1.348872252386,0.784244194132,0.109709361139,1.089232254949
2022-01-05,1.030924155357,1.131900000000,0.008638479737,1.354822492998,0.786096256684,0.110380808426,1.092145889618
2022-01-06,1.029720807906,1.131500000000,0.008634109119,1.353582237747,0.782990796485,0.109572459207,1.088504088504
2022-01-07,1.029235800415,1.129800000000,0.008631016043,1.354189140597,0.786002504522,0.109861044934,1.084052964882
2022-01-10,1.031908728947,1.131800000000,0.008676121119,1.357106885057,0.789976966567,0.109842970555,1.083476928968
2022-01-11,1.032537357451,1.133600000000,0.008656739213,1.358011380653,0.791122897620,0.109978171235,1.079413445058
2022-01-12,1.036194173397,1.137000000000,0.008666819117,1.364323597879,0.797279293177,0.110775526111,1.084302880031
2022-01-13,1.044573195435,1.146300000000,0.008751717820,1.372074929679,0.801384228188,0.111965227584,1.096622979049
2022-01-14,1.044090790838,1.144700000000,0.008793884920,1.370766872635,0.798813677599,0.111477932297,1.097612426887
2022-01-17,1.039458229829,1.140300000000,0.008728567055,1.364435882402,0.798138167565,0.110655021834,1.093393422188
2022-01-18,1.036789328048,1.136700000000,0.008717693075,1.358502742820,0.798917627214,0.110161360663,1.091511426925
2022-01-19,1.036852436375,1.134500000000,0.008736331434,1.364106387072,0.802106900452,0.109689832541,1.092651449485
2022-01-20,1.036335876371,1.133800000000,0.008753184590,1.361676574791,0.800819324763,0.109326185058,1.092082450395
2022-01-21,1.036821854597,1.134800000000,0.008787362552,1.356880657157,0.798536345085,0.108968695986,1.096107408481
2022-01-24,1.032686967008,1.130400000000,0.008788679832,1.348877725141,0.792206882052,0.107618195320,1.096623981374
2022-01-25,1.029705760616,1.126800000000,0.008769554051,1.346027498716,0.790903348073,0.107293848791,1.087225009649
2022-01-26,1.031014910037,1.127700000000,0.008751358063,1.351218577009,0.795667819093,0.107921104763,1.085788561525
2022-01-27,1.020703406760,1.116000000000,0.008668634457,1.338643124460,0.788079937857,0.106845380565,1.074006351650
2022-01-28,1.018129481518,1.113800000000,0.008655579733,1.339056000385,0.782217852377,0.105553449583,1.073231836577
2022-01-31,1.019862838968,1.115600000000,0.008662163211,1.341623272762,0.783812267266,0.106359042807,1.072279892349
2022-02-01,1.028212016332,1.126000000000,0.008720570012,1.348535294259,0.787467655081,0.107815163063,1.085405822248
2022-02-02,1.033700458754,1.132300000000,0.008752415552,1.357755261107,0.790160502442,0.109032258065,1.088854697567
2022-02-03,1.030159444671,1.128600000000,0.008706317982,1.356359965388,0.787358727501,0.108655049581,1.084462381090
2022-02-04,1.038995201669,1.146400000000,0.008703310052,1.355194874280,0.786120825619,0.109740104341,1.084886912085
2022-02-07,1.037737703809,1.144700000000,0.008698989285,1.351715179784,0.786951739310,0.109558492769,1.082868224387
2022-02-08,1.034903782264,1.140800000000,0.008663426488,1.352251579484,0.786487418132,0.109237501556,1.081839734471
2022-02-09,1.037057493889,1.143500000000,0.008660254468,1.357189484304,0.787859997244,0.109872687965,1.083372809095
2022-02-10,1.036477545345,1.143900000000,0.008638423199,1.357777039218,0.789005380052,0.108658275944,1.082111436950
2022-02-11,1.035088059561,1.141700000000,0.008633545070,1.359846589962,0.787487929370,0.108187245333,1.081462536706
2022-02-14,1.029016387347,1.131600000000,0.008664624809,1.351648351648,0.784145242880,0.106595828859,1.080595874714
2022-02-15,1.030888063789,1.134500000000,0.008648422016,1.354384289381,0.786045867110,0.107292484325,1.082228369741
2022-02-16,1.032724519284,1.137200000000,0.008643964731,1.354777221825,0.788845726970,0.107931626852,1.081399771776
2022-02-17,1.033965598133,1.137000000000,0.008690003057,1.361790808810,0.787450654477,0.107335032569,1.086374928339
2022-02-18,1.033158892260,1.135400000000,0.008694387013,1.360982918789,0.787160288408,0.107319747438,1.086299272866
2022-02-21,1.032143280186,1.133800000000,0.008708141321,1.361137122140,0.784419537844,0.106425118506,1.091556753634
2022-02-22,1.031659452959,1.134200000000,0.008688524590,1.355320547290,0.785402672945,0.107004037888,1.088274803301
2022-02-23,1.032529549815,1.134400000000,0.008687394701,1.359165139044,0.788106155343,0.107365272861,1.087527562075
2022-02-24,1.019538963729,1.116300000000,0.008702057998,1.337478882858,0.779756915339,0.103998583913,1.081686046512
2022-02-25,1.022305633019,1.121600000000,0.008651650725,1.339383807022,0.782966841187,0.105963268083,1.078668974803
2022-02-28,1.022017215581,1.119900000000,0.008660583095,1.340394973070,0.785123387549,0.105596152940,1.083494582043
2022-03-01,1.021355443742,1.116200000000,0.008710105345,1.340136871173,0.788388190422,0.104422179189,1.089294427637
2022-03-02,1.016508366607,1.110600000000,0.008671143036,1.332997263431,0.788330494037,0.102947719689,1.087118245889
2022-03-03,1.015207639979,1.107600000000,0.008640973631,1.338117502084,0.791595197256,0.102852685536,1.086734693878
2022-03-04,1.005884395645,1.092900000000,0.008662122533,1.326528135165,0.784171629475,0.101255385186,1.086813842482
2022-03-07,1.003573075306,1.089500000000,0.008677817603,1.318608169440,0.785848240046,0.100347231816,1.082033965637
2022-03-08,1.000796781645,1.089200000000,0.008642386733,1.309370679810,0.779224495636,0.100107533800,1.077242607062
2022-03-09,1.007031788768,1.099300000000,0.008634828372,1.315424195285,0.779203288914,0.102412893609,1.077956462051
2022-03-10,1.012070582197,1.108400000000,0.008622996733,1.316780516781,0.781168510818,0.103518160507,1.079259980526
2022-03-11,1.005368963162,1.099000000000,0.008555192278,1.308800762177,0.783656588705,0.103231260567,1.074291300098
2022-03-14,1.002195789892,1.096000000000,0.008476411446,1.306083536912,0.784089283159,0.104016399666,1.069372621719
2022-03-15,1.003305412768,1.099100000000,0.008476131719,1.307627330375,0.779558833960,0.104417632529,1.064813020732
2022-03-16,1.004428696546,1.099400000000,0.008453671665,1.308996523313,0.787141118350,0.105503574685,1.063660990712
2022-03-17,1.007021512736,1.105100000000,0.008418526701,1.310680187393,0.789469924275,0.105748160340,1.064130958113
2022-03-18,1.004363681425,1.100800000000,0.008377473364,1.311647304141,0.791316224570,0.105538670987,1.067287182470
2022-03-21,1.007362106091,1.103800000000,0.008389450483,1.317576842734,0.794214994963,0.106044885097,1.073944347149
2022-03-22,1.005317801478,1.102400000000,0.008291215403,1.324554236555,0.794980889882,0.106181734122,1.072895377129
2022-03-23,1.002238703186,1.098500000000,0.008281191104,1.319044188280,0.793713872832,0.105619922119,1.069724413283
2022-03-24,1.000742929330,1.097800000000,0.008210305886,1.318077033906,0.795161523975,0.106011298344,1.073643031785
2022-03-25,1.002585323277,1.100200000000,0.008206160961,1.319501079396,0.798345548219,0.106294381914,1.077887724111
2022-03-28,0.996693292058,1.096600000000,0.008067387626,1.311048145093,0.800321121004,0.105214679779,1.069123525397
2022-03-29,1.004309814179,1.108500000000,0.008111371286,1.312766461393,0.799206921413,0.107319198374,1.069774174870
2022-03-30,1.009301782955,1.112600000000,0.008212888462,1.315705450374,0.800950255561,0.107499661829,1.079251139781
2022-03-31,1.007518855225,1.110100000000,0.008212621144,1.312252497193,0.798862982153,0.107390925801,1.081231128859
2022-04-01,1.004283143057,1.105200000000,0.008165496860,1.313447025967,0.800579500181,0.106968641115,1.081726534208
2022-04-04,1.000948305836,1.100500000000,0.008147023986,1.311836929312,0.800421848862,0.105971169679,1.078604332059
2022-04-05,1.000071627664,1.096900000000,0.008139655684,1.313810037130,0.803766395545,0.106917625959,1.081648752589
2022-04-06,0.994967930622,1.092300000000,0.008073170732,1.308566841973,0.800395691361,0.106198045793,1.072248944733
2022-04-07,0.993817921542,1.091600000000,0.008066804611,1.308088675854,0.796555750146,0.105846989237,1.071772214040
2022-04-08,0.989955966495,1.086100000000,0.008052939868,1.302981224882,0.794223034735,0.105684648918,1.069522402757
2022-04-11,0.989677706349,1.090000000000,0.007955623677,1.302378932527,0.793419711748,0.105693894965,1.070726915521
2022-04-12,0.987529170487,1.086100000000,0.007969036613,1.301419926907,0.791387350627,0.105120015486,1.072056065541
2022-04-13,0.984841920634,1.082600000000,0.007945104946,1.299951969260,0.790218978102,0.104778219757,1.070185844207
2022-04-14,0.990189124076,1.087800000000,0.007979753521,1.312056737589,0.796164824709,0.105603448276,1.067621945235
2022-04-19,0.980776516772,1.080300000000,0.007805635838,1.302272316316,0.792531729147,0.104469673526,1.058287617555
2022-04-20,0.983740033271,1.083000000000,0.007817801198,1.305369734225,0.797555048236,0.105865102639,1.056173200702
2022-04-21,0.986352212621,1.088700000000,0.007798151995,1.303473294781,0.800514705882,0.106159741792,1.053410740203
2022-04-22,0.979470745408,1.081700000000,0.007791543614,1.288888888889,0.788756015750,0.105244210936,1.046536377709
2022-04-25,0.973778577135,1.074600000000,0.007802221738,1.274279615795,0.783864614487,0.103850168155,1.046654329405
2022-04-26,0.970050523127,1.067400000000,0.007839882483,1.268675343198,0.784103430544,0.102698802136,1.043503763809
2022-04-27,0.962639002613,1.058300000000,0.007806299329,1.256664489699,0.779767167698,0.101725380881,1.034607488513
2022-04-28,0.952405015940,1.048500000000,0.007646029315,1.243034973325,0.776781745444,0.101212425430,1.026331245106
2022-04-29,0.958855396449,1.054000000000,0.007692869134,1.256137674596,0.785043944585,0.102371840945,1.030403754033
2022-05-02,0.956539812901,1.052400000000,0.007702554344,1.255697410810,0.776106194690,0.101158264046,1.026431288403
2022-05-03,0.958403232010,1.055600000000,0.007701736466,1.254724830619,0.777892409727,0.101521475697,1.027647975078
2022-05-04,0.956685770493,1.053100000000,0.007695849167,1.250801719838,0.780189657727,0.101290781779,1.020050368074
2022-05-05,0.958445042597,1.056800000000,0.007703746902,1.240521187933,0.783801824520,0.101862204573,1.020569773056
2022-05-06,0.956123181985,1.057000000000,0.007664974619,1.234452554745,0.779498525074,0.100968610894,1.014492753623
2022-05-09,0.954171361147,1.055900000000,0.007645908762,1.238810347862,0.773213239602,0.099784535712,1.009271649780
2022-05-10,0.953613264873,1.055400000000,0.007682340952,1.233015947193,0.769971547385,0.099495639877,1.007157171486
2022-05-11,0.954694585979,1.055300000000,0.007698985920,1.235815582073,0.771136280599,0.100256507695,1.010243155275
2022-05-12,0.946457763750,1.040800000000,0.007775868510,1.220264265532,0.767042523399,0.098515826140,1.002987375928
2022-05-13,0.945217573955,1.038500000000,0.007755208722,1.220113963461,0.768974453906,0.098994328202,1.000000000000
2022-05-16,0.947267840277,1.042200000000,0.007719428191,1.225468869422,0.773547094188,0.099277943950,0.994560549671
2022-05-17,0.957282751352,1.054100000000,0.007732541080,1.248933649289,0.779832803137,0.100974203251,1.008032896624
2022-05-18,0.955999535754,1.052300000000,0.007751178550,1.242825085627,0.780174970344,0.100530212563,1.003528514209
2022-05-19,0.958149691247,1.052500000000,0.007827606723,1.242210367293,0.780207561156,0.100144626920,1.025328787141
2022-05-20,0.961437832282,1.057700000000,0.007815132259,1.246993633577,0.781975454680,0.100814945432,1.028891050584
2022-05-23,0.967254561587,1.065900000000,0.007834619625,1.257209582110,0.782254513430,0.101593625498,1.033850630456
2022-05-24,0.970251802753,1.072000000000,0.007854055242,1.250145772595,0.781682951728,0.102082599297,1.037352428876
2022-05-25,0.966452726856,1.065600000000,0.007873503768,1.249311214022,0.776676384840,0.101082347584,1.037686240140
2022-05-26,0.969491037818,1.069700000000,0.007868333946,1.257390711507,0.779948960992,0.100931281432,1.040260624331
2022-05-27,0.972608235859,1.072200000000,0.007880926130,1.263269513991,0.784862015958,0.101830131158,1.045232988887
2022-05-30,0.974524367918,1.076400000000,0.007842622951,1.264122137405,0.788744779072,0.102338847690,1.042316258352
2022-05-31,0.970504028874,1.071300000000,0.007799213745,1.258310037821,0.789287556178,0.101977097275,1.042019258827
2022-06-01,0.969116126963,1.071200000000,0.007724257283,1.257897085418,0.791371158392,0.102254720403,1.039495390587
2022-06-02,0.967466105122,1.069200000000,0.007707612457,1.255003227889,0.790828402367,0.102115467265,1.041699142634
2022-06-03,0.969799097510,1.073000000000,0.007686797048,1.256146101616,0.795757935331,0.102592050789,1.042152292152
2022-06-06,0.968889899412,1.072600000000,0.007652682648,1.255751331733,0.796702072346,0.102621507845,1.039341085271
2022-06-07,0.961161330201,1.066200000000,0.007526471834,1.248989632753,0.793480687653,0.101505155228,1.022930058524
2022-06-08,0.964931010166,1.073900000000,0.007461784325,1.254922582530,0.797430756664,0.102336617812,1.024127407973
2022-06-09,0.964825168442,1.074300000000,0.007464045022,1.254246786452,0.795424255886,0.102270455519,1.023630300143
2022-06-10,0.953594238983,1.057800000000,0.007465593902,1.243768225002,0.784485315930,0.100498788656,1.016724336794
2022-06-13,0.942916454967,1.045500000000,0.007440751548,1.217821782178,0.778191291403,0.098483421251,1.007710843373
2022-06-14,0.940916897193,1.045200000000,0.007432797611,1.207235094366,0.772962579500,0.098399548108,1.005580142390
2022-06-15,0.939519445807,1.043100000000,0.007424727739,1.208298582152,0.772781152763,0.098148252696,0.999616674653
2022-06-16,0.941224170597,1.040000000000,0.007523148148,1.215663354763,0.773464227279,0.097248976080,1.025438769473
2022-06-17,0.944525379290,1.048600000000,0.007425819701,1.226432748538,0.769275915193,0.098231348597,1.037704106878
2022-06-20,0.945934727524,1.051700000000,0.007409468790,1.226500909642,0.769799443712,0.098867215041,1.034934068097
2022-06-21,0.946408846552,1.055000000000,0.007339130435,1.226601557958,0.772327964861,0.099098252865,1.032896025064
2022-06-22,0.944757597031,1.052100000000,0.007351687513,1.225010188042,0.770204978038,0.098614652070,1.036245444696
2022-06-23,0.943789016434,1.049300000000,0.007383716839,1.222703861661,0.771544117647,0.098019617001,1.035834155972
2022-06-24,0.946352047543,1.052400000000,0.007401364372,1.226959532720,0.770593834664,0.098410323546,1.044876886418
2022-06-27,0.948954435669,1.057200000000,0.007380104712,1.226450116009,0.775130141506,0.099069466700,1.042295178941
2022-06-28,0.948031414481,1.056100000000,0.007350873530,1.223045744065,0.778547733137,0.099124297232,1.045540045540
2022-06-29,0.944644264940,1.051700000000,0.007327388003,1.216386578920,0.778287574928,0.098429544774,1.051174412794
2022-06-30,0.936535155463,1.038700000000,0.007338561537,1.210323933815,0.773705772812,0.096803355079,1.042871485944
2022-07-01,0.938630092373,1.042500000000,0.007390996101,1.203143754039,0.772680106730,0.096722117588,1.039692829361
2022-07-04,0.942096540662,1.045500000000,0.007388170447,1.216263378315,0.778191291403,0.097113080310,1.041645910133
2022-07-05,0.929989887061,1.029000000000,0.007362094870,1.198672025162,0.769979048189,0.095250437374,1.036045106726
2022-07-06,0.923254018468,1.017700000000,0.007390167744,1.187847238433,0.766686756064,0.094713820382,1.028395311237
2022-07-07,0.924161017052,1.018000000000,0.007370936210,1.196169437753,0.769637861949,0.094936118624,1.027660004038
2022-07-08,0.923697957962,1.016300000000,0.007361825426,1.201513270674,0.769865919249,0.095279613744,1.025219408857
2022-07-11,0.917400339384,1.009800000000,0.007276788931,1.194464158978,0.768493150685,0.094424132482,1.019176423092
2022-07-12,0.914233784505,1.004200000000,0.007313378487,1.183877014489,0.766916144799,0.094477373224,1.016088232318
2022-07-13,0.916675736730,1.006700000000,0.007293870454,1.193182491614,0.770060429894,0.094953782305,1.024214060433
2022-07-14,0.908980796700,1.000500000000,0.007195771001,1.183183538316,0.760142835435,0.094369877098,1.016664973072
2022-07-15,0.912970715372,1.005900000000,0.007211269625,1.183578858192,0.765117517304,0.094947282973,1.021321961620
2022-07-18,0.919139373006,1.013100000000,0.007228167808,1.195990933560,0.770359668466,0.096242815751,1.022197558269
2022-07-19,0.927054759402,1.024500000000,0.007265442167,1.201012860040,0.772391435464,0.097604893106,1.032970356927
2022-07-20,0.924304961056,1.019900000000,0.007237439682,1.197374909014,0.776652452026,0.097499187427,1.030618431690
2022-07-21,0.922965084643,1.019900000000,0.007209811961,1.192238003390,0.773941417514,0.097822750815,1.027710600564
2022-07-22,0.925584563087,1.019000000000,0.007304135904,1.196838186068,0.777565814575,0.097672724484,1.036411716843
2022-07-25,0.929356729107,1.023600000000,0.007319794050,1.206890453114,0.777339003645,0.098448635703,1.037187151687
2022-07-26,0.922289748929,1.012400000000,0.007317672570,1.197284703990,0.776678174147,0.096931399301,1.036763952893
2022-07-27,0.924613297204,1.015200000000,0.007309381525,1.206589174927,0.777990650625,0.097106509159,1.039312039312
2022-07-28,0.924988255935,1.012200000000,0.007374326096,1.210968343981,0.779454797474,0.096870513925,1.038686505900
2022-07-29,0.931762550590,1.019800000000,0.007475443483,1.214192165734,0.778473282443,0.098175691937,1.046592775041
2022-08-01,0.936900693257,1.023300000000,0.007558723593,1.222580645161,0.782578770266,0.098709341359,1.053102809509
2022-08-02,0.937148707059,1.022400000000,0.007635548917,1.222016374828,0.777490494297,0.098312418866,1.049261083744
2022-08-03,0.932150300221,1.019400000000,0.007485680717,1.218955147138,0.779059992358,0.098101296277,1.043077867594
2022-08-04,0.930824870116,1.018100000000,0.007496502467,1.208699884840,0.778959449120,0.098139579719,1.042601126472
2022-08-05,0.934223660071,1.023300000000,0.007512112759,1.214339962975,0.776109215017,0.098799880278,1.046747135843
2022-08-08,0.930013493895,1.019900000000,0.007410986775,1.211786372007,0.776534186082,0.098398456343,1.044658404179
2022-08-09,0.931722257057,1.023400000000,0.007401996239,1.210837671557,0.777482336853,0.098522262335,1.048243367817
2022-08-10,0.933231625921,1.025200000000,0.007420382166,1.211705748865,0.776255016279,0.098792556831,1.055492638732
2022-08-11,0.943063818922,1.033800000000,0.007569744453,1.222347029264,0.783063172247,0.099787644788,1.064456342669
2022-08-12,0.937135316525,1.028500000000,0.007481632356,1.214070707667,0.782248250685,0.098406927235,1.061513056043
2022-08-15,0.931406329019,1.019500000000,0.007517882162,1.208296296296,0.774284195337,0.097113735950,1.058560897103
2022-08-16,0.925723357559,1.013100000000,0.007443244435,1.202949488233,0.774778219639,0.096151473449,1.052571428571
2022-08-17,0.926720600735,1.016400000000,0.007399534071,1.207011210336,0.774872303118,0.096234507702,1.049349576709
2022-08-18,0.927885191378,1.017800000000,0.007419989794,1.206052778140,0.775880469584,0.096106814727,1.051120520500
2022-08-19,0.915884641242,1.005400000000,0.007302970872,1.183686924580,0.769713673251,0.094764126490,1.045549084859
2022-08-22,0.912577866822,1.000100000000,0.007295739714,1.181341397151,0.769959196243,0.093906103286,1.043945720251
2022-08-23,0.907581868060,0.992700000000,0.007281062051,1.176979713788,0.767868193069,0.093595315991,1.033847115184
2022-08-24,0.909280892977,0.993400000000,0.007318402829,1.178648125957,0.769600247908,0.093840921972,1.037385129490
2022-08-25,0.912378063304,0.997000000000,0.007327111046,1.182779115704,0.774008229175,0.094479981047,1.036813643927
2022-08-26,0.913694254904,1.000700000000,0.007303313385,1.183000354652,0.773099505562,0.094670917571,1.037855216760
2022-08-29,0.908222419771,0.998600000000,0.007210628926,1.169047061578,0.766620604944,0.093959352653,1.032678386763
2022-08-30,0.911623810825,1.003400000000,0.007233797131,1.171580360792,0.769065685598,0.094215962441,1.030079047326
2022-08-31,0.907325711282,1.000000000000,0.007208765859,1.162317661417,0.762718328121,0.093643480541,1.020824826460
2022-09-01,0.905834510823,1.000400000000,0.007179560787,1.156892902987,0.759662844559,0.093134106037,1.020608039176
2022-09-02,0.903858593098,0.999300000000,0.007119549729,1.155554013738,0.761023532100,0.092959869021,1.015651997154
2022-09-05,0.899335540499,0.992000000000,0.007112640711,1.148706547164,0.760561220578,0.092459688694,1.017749050990
2022-09-06,0.899503676682,0.992800000000,0.007045631964,1.157878777276,0.761992478318,0.092937046571,1.018778860954
2022-09-07,0.892217847571,0.988500000000,0.006902932961,1.142642469079,0.758226585871,0.092479979043,1.013846153846
2022-09-08,0.902032706082,1.000900000000,0.006967629655,1.155026772526,0.762067915334,0.093476535139,1.027723585584
2022-09-09,0.906625767458,1.004900000000,0.007012561061,1.156919180290,0.768859984698,0.094230282344,1.040592316454
2022-09-12,0.914195173544,1.015500000000,0.007028168039,1.170227477010,0.769668030923,0.095470442238,1.050481017896
2022-09-13,0.916008001742,1.017500000000,0.007041522491,1.172329565748,0.770833333333,0.095892863875,1.052332195677
2022-09-14,0.901284155959,0.999000000000,0.006982107912,1.154939998613,0.758139181908,0.093583138173,1.039325842697
2022-09-15,0.900697831606,0.999200000000,0.006966464477,1.149377688821,0.758578803523,0.093470533209,1.043877977434
2022-09-16,0.897044765811,0.995400000000,0.006983792886,1.138901601831,0.752608498412,0.092560046866,1.039148136549
2022-09-19,0.898041965762,0.999000000000,0.006965555711,1.138007632283,0.751466827140,0.092505995759,1.034375647132
2022-09-20,0.898327190656,0.998600000000,0.006966652714,1.142628296813,0.752637925837,0.092174490945,1.035462463708
2022-09-21,0.891951874981,0.990600000000,0.006943782420,1.134253163108,0.746946161967,0.090702657168,1.037386113729
2022-09-22,0.893388049623,0.988400000000,0.007101595057,1.132758778766,0.744389215243,0.090909090909,1.020652622883
2022-09-23,0.881179132304,0.975400000000,0.006995625045,1.105883153252,0.740229187220,0.089217766720,1.019759539990
2022-09-26,0.870423941420,0.964600000000,0.006936075358,1.078922643282,0.731034482759,0.088272706474,1.009523809524
2022-09-27,0.870542615844,0.964400000000,0.006924181505,1.080257630916,0.730827523492,0.088857766762,1.014837419762
2022-09-28,0.863572894921,0.956500000000,0.006911626563,1.059622457571,0.726989435282,0.087596388080,1.013563632510
2022-09-29,0.873551018203,0.970600000000,0.006910152357,1.084651058837,0.730103806228,0.088574557401,1.017613755504
2022-09-30,0.877431738103,0.974800000000,0.006912984895,1.103963759909,0.727408402358,0.089436936317,1.019558623575
2022-10-03,0.879465671154,0.976400000000,0.006900841049,1.121396577466,0.728004771846,0.089789687612,1.010975357217
2022-10-04,0.888029621551,0.989100000000,0.006902302861,1.133340208312,0.732503888025,0.091442782390,1.012695812430
2022-10-05,0.890262807160,0.991500000000,0.006924849839,1.135218685597,0.734825465056,0.091487045102,1.016297662977
2022-10-06,0.885709288613,0.986000000000,0.006910569106,1.125789251339,0.731725417440,0.090685012140,1.015552580080
2022-10-07,0.881399460452,0.979700000000,0.006903184893,1.121156288981,0.729106199300,0.090249182442,1.010000000000
2022-10-10,0.873404933227,0.969700000000,0.006869509776,1.105323150576,0.728440504808,0.088555460174,1.001756198347
2022-10-11,0.874624993518,0.972300000000,0.006869436202,1.108627983079,0.725488733025,0.088378857429,1.004961240310
2022-10-12,0.872144045610,0.970600000000,0.006818884361,1.104963570128,0.724598730870,0.088076225045,1.004346026490
2022-10-13,0.875529012155,0.973900000000,0.006813348258,1.125726769387,0.724466264971,0.088457555996,1.001439588689
2022-10-14,0.872540482213,0.971700000000,0.006765299728,1.119173490895,0.723744972442,0.088308265552,0.995900379215
2022-10-17,0.873664324239,0.973900000000,0.006716551724,1.129159420290,0.723981564080,0.088622569226,0.997643925425
2022-10-18,0.879747866269,0.983500000000,0.006706443914,1.131396097920,0.728788440163,0.090179717587,1.004391339869
2022-10-19,0.874808047646,0.977800000000,0.006681700150,1.123998482637,0.725424734773,0.089339229588,0.996738022426
2022-10-20,0.876754036151,0.981100000000,0.006674603715,1.124366820234,0.728846296709,0.089337097068,0.997458316389
2022-10-21,0.868008091821,0.973000000000,0.006592587574,1.109109976290,0.722614184924,0.087762023307,0.987316083206
2022-10-24,0.880127424645,0.985100000000,0.006712319433,1.131388537958,0.729595615464,0.088911954511,0.999492694805
2022-10-25,0.880865373468,0.986100000000,0.006715472623,1.131588308872,0.728447957450,0.089867672791,0.997269417476
2022-10-26,0.895265091552,1.002300000000,0.006803556883,1.157350207268,0.738723466981,0.091509175568,1.010688716346
2022-10-27,0.895485731098,1.003700000000,0.006810748456,1.157069571733,0.734128145114,0.091592674046,1.008845110061
2022-10-28,0.890132051792,0.995100000000,0.006779072144,1.155480724570,0.734824988923,0.090957286363,1.003125000000
2022-10-31,0.886270238464,0.991400000000,0.006725915875,1.151251233815,0.731498561204,0.090945784790,0.998891687657
2022-11-01,0.891115354815,0.994700000000,0.006796720191,1.155848381324,0.738510654095,0.091475078168,1.006985219680
2022-11-02,0.888103424679,0.990800000000,0.006797941681,1.150754936121,0.735560504826,0.090844908999,1.004766250887
2022-11-03,0.874028458447,0.975300000000,0.006745746300,1.118104278443,0.725022301517,0.089215148189,0.986247345535
2022-11-04,0.884815035011,0.987200000000,0.006799366348,1.128512311667,0.739420268145,0.090954320146,1.000912501267
2022-11-07,0.894319466647,0.999300000000,0.006836092489,1.146841108625,0.742201426025,0.092254431315,1.012051853352
2022-11-08,0.893938712984,0.999600000000,0.006834871795,1.143995055964,0.741048261546,0.092236996300,1.008576329331
2022-11-09,0.896740140823,1.003900000000,0.006837624302,1.143732768246,0.743574550033,0.092568003688,1.016093117409
2022-11-10,0.891307142700,0.995400000000,0.006842647969,1.140232307728,0.739140120294,0.091536926515,1.012202562538
2022-11-11,0.923248703850,1.030800000000,0.007163805685,1.177545751559,0.752518615856,0.096119954122,1.047135310849
2022-11-14,0.923307538962,1.031900000000,0.007123429518,1.179139099334,0.752881949511,0.095800878260,1.058250435853
2022-11-15,0.930000784668,1.040400000000,0.007183098592,1.189640386484,0.753039953677,0.096261137480,1.062717058223
2022-11-16,0.930063782123,1.041200000000,0.007166356941,1.190174090966,0.754438084197,0.095739007301,1.062991322103
2022-11-17,0.921706451307,1.031900000000,0.007126381215,1.179651328951,0.746671490593,0.093919232555,1.051028722754
2022-11-18,0.925751930450,1.036600000000,0.007143054024,1.190632071029,0.748934325555,0.094403715678,1.049084100800
2022-11-21,0.915788873401,1.024600000000,0.007050161701,1.180509948959,0.744081336238,0.093253119511,1.043699704594
2022-11-22,0.919139805781,1.027400000000,0.007075757576,1.189698696125,0.746385760988,0.093695566925,1.049331018282
2022-11-23,0.922730220693,1.032500000000,0.007084048027,1.195452071924,0.745164549654,0.094783031772,1.054109239408
2022-11-24,0.932888712497,1.041300000000,0.007236275191,1.211757997510,0.749460198647,0.095907822387,1.060602974129
2022-11-25,0.929058664071,1.037500000000,0.007173973171,1.208010711999,0.748341027121,0.095902313672,1.054798698658
2022-11-28,0.934034653565,1.046300000000,0.007220841960,1.208114911207,0.744062011094,0.096014609123,1.059866288493
2022-11-29,0.927882753210,1.036600000000,0.007230747768,1.202301143613,0.740164227062,0.095092193377,1.051105252484
2022-11-30,0.927267674478,1.037600000000,0.007191571943,1.199704005180,0.740032807931,0.094892313320,1.052973411812
2022-12-01,0.936981973962,1.045400000000,0.007337170129,1.219623169807,0.743580624511,0.095922337224,1.059383867045
2022-12-02,0.945053030870,1.053800000000,0.007456835551,1.227418321589,0.744209039548,0.096661163089,1.071588366890
2022-12-05,0.946800026735,1.058700000000,0.007399874187,1.229830981007,0.745668404001,0.097189964289,1.070150611544
2022-12-06,0.939311920406,1.051600000000,0.007336914812,1.220378321922,0.734049979059,0.096574524750,1.065235008104
2022-12-07,0.938415440857,1.052900000000,0.007289531986,1.218521433201,0.731841245569,0.096428244345,1.064287880319
2022-12-08,0.939023824828,1.051900000000,0.007317565217,1.219481091609,0.735234500594,0.096451494590,1.063707149358
2022-12-09,0.943064819369,1.055900000000,0.007368457781,1.228504944735,0.734283727399,0.096704766092,1.071327110390
2022-12-12,0.941306733435,1.056200000000,0.007291177689,1.228053856708,0.732048794012,0.096832454733,1.071740233384
2022-12-13,0.940670497867,1.054500000000,0.007279944770,1.229694587944,0.735304372080,0.096774193548,1.068497314824
2022-12-14,0.950242460743,1.064900000000,0.007411609131,1.236559139785,0.737414306488,0.098022791288,1.079472883933
2022-12-15,0.946015870660,1.062100000000,0.007321293169,1.232220340163,0.735373537354,0.097458249220,1.076962076658
2022-12-16,0.943193163274,1.061900000000,0.007296777297,1.217314548393,0.732041913691,0.096402276833,1.074906367041
2022-12-19,0.942643476543,1.059800000000,0.007326650536,1.216510939186,0.732310668878,0.096290306461,1.072237960340
2022-12-20,0.946787972219,1.059900000000,0.007539479300,1.210899120302,0.733444052315,0.095818831081,1.075603815709
2022-12-21,0.950179386739,1.063600000000,0.007581438449,1.213448791229,0.734784110535,0.096146371008,1.081333875559
2022-12-22,0.948975905139,1.063300000000,0.007572283151,1.204968099453,0.734120408727,0.096226244344,1.079273244011
2022-12-23,0.947842535423,1.062200000000,0.007540820673,1.206634102011,0.735952331463,0.095654914674,1.076517685213
2022-12-27,0.946901490412,1.062400000000,0.007498588368,1.202721519704,0.738598442714,0.095466594779,1.074759736975
2022-12-28,0.948362515639,1.064000000000,0.007481892975,1.208294533149,0.740895480816,0.095823051568,1.078779276082
2022-12-29,0.947700351928,1.064900000000,0.007486642295,1.202610983749,0.735682210708,0.095438250583,1.082215447154
2022-12-30,0.951157034376,1.066600000000,0.007582823831,1.202575175042,0.738642659280,0.095901742524,1.083172539860
2023-01-02,0.953304836602,1.068300000000,0.007651482596,1.205348076272,0.736453881153,0.095671798178,1.082041932543
2023-01-03,0.944296049438,1.054500000000,0.007645182339,1.197642195166,0.731580407937,0.094633402136,1.067415730337
2023-01-04,0.948506080616,1.059900000000,0.007639469511,1.203392524638,0.737937756736,0.094928035969,1.076805851874
2023-01-05,0.946108483793,1.060100000000,0.007521106775,1.200525463461,0.740500139704,0.094780416279,1.077446895010
2023-01-06,0.936087494871,1.050000000000,0.007430997877,1.186775925403,0.732677412602,0.093267010126,1.064476885645
2023-01-09,0.954431739435,1.069600000000,0.007567032190,1.214791931674,0.748024337366,0.095534119328,1.084237202230
2023-01-10,0.955171426596,1.072300000000,0.007555665163,1.213970338503,0.745584758726,0.095772710628,1.082256762212
2023-01-11,0.955354668277,1.074700000000,0.007535937171,1.211981099094,0.744819460808,0.095289183654,1.078258252232
2023-01-12,0.959526396075,1.077200000000,0.007660906052,1.214567594994,0.746035043978,0.095555752683,1.071201272872
2023-01-13,0.964735973533,1.081400000000,0.007778736872,1.217792792793,0.746101835242,0.096100526091,1.075912844493
2023-01-16,0.964790947670,1.081200000000,0.007782896631,1.218143716623,0.746375811128,0.095914836993,1.078396169958
2023-01-17,0.966717656287,1.084300000000,0.007772759857,1.223883966364,0.745377053688,0.096083296411,1.084516903381
2023-01-18,0.968262169727,1.083900000000,0.007753773517,1.238318290872,0.747259565667,0.097006309572,1.094185342217
2023-01-19,0.966280358423,1.081500000000,0.007779456193,1.233912924425,0.740601246319,0.096966816996,1.090111883883
2023-01-20,0.965112380058,1.082600000000,0.007685645322,1.235844748858,0.742371254200,0.096959383816,1.086729572375
2023-01-23,0.968130363148,1.087100000000,0.007674549947,1.235762191656,0.748536803691,0.097775739097,1.085688604814
2023-01-24,0.966667992274,1.085800000000,0.007675125468,1.228725330436,0.747950678515,0.097824226317,1.080075599324
2023-01-25,0.968757297720,1.087800000000,0.007705603173,1.232662496600,0.747937293729,0.097705124175,1.085628742515
2023-01-26,0.970160129826,1.089500000000,0.007706181921,1.238842458355,0.747872048325,0.097483066847,1.089282143571
2023-01-27,0.968298734904,1.086500000000,0.007700212615,1.236274677135,0.750397126873,0.096915474364,1.084656084656
2023-01-30,0.970167184597,1.090300000000,0.007689540870,1.239287094501,0.750275254611,0.096812289114,1.085415629667
2023-01-31,0.963935630119,1.083300000000,0.007668294755,1.230002384386,0.743514070007,0.095461755375,1.079844497608
2023-02-01,0.969407915625,1.089400000000,0.007706019665,1.232171739450,0.750999586378,0.096020448636,1.091583166333
2023-02-02,0.976284032066,1.098800000000,0.007786281179,1.230610713526,0.752499657581,0.096736422302,1.099679743795
2023-02-03,0.972594698534,1.093700000000,0.007787112852,1.225434173669,0.748289545703,0.096511740776,1.094904394834
2023-02-06,0.956963381060,1.077600000000,0.007566884348,1.207016286207,0.745279756553,0.094815753352,1.081493376154
2023-02-07,0.952097513431,1.070000000000,0.007572540694,1.197698627684,0.744555006611,0.094020473617,1.080153442358
2023-02-08,0.956504078626,1.073500000000,0.007623748313,1.208896396396,0.746056015011,0.094645706779,1.086428499140
2023-02-09,0.960490541460,1.077100000000,0.007649857955,1.216855900130,0.746793316231,0.096696292306,1.089079878665
2023-02-10,0.954890524575,1.069000000000,0.007642264798,1.209987775615,0.744221665274,0.095762787781,1.082860615883
2023-02-13,0.953336092991,1.068600000000,0.007543946347,1.210452985354,0.749211245881,0.095795607351,1.084983247030
2023-02-14,0.959143072592,1.075900000000,0.007569297875,1.220879432624,0.750697739325,0.096919196469,1.090070921986
2023-02-15,0.951682520823,1.070000000000,0.007479902132,1.204615817619,0.745332961828,0.096050269300,1.082448153768
2023-02-16,0.951497416325,1.070000000000,0.007466331728,1.203829753721,0.746476908051,0.096033028182,1.083763800263
2023-02-17,0.944502603375,1.062500000000,0.007420729152,1.195324453245,0.739593484616,0.094880472929,1.073666127728
2023-02-20,0.949695048460,1.067400000000,0.007459640786,1.202866866506,0.742952599708,0.096492496836,1.082445999392
2023-02-21,0.949353365951,1.066400000000,0.007417918753,1.212851862383,0.743084105637,0.096859161838,1.082309956358
2023-02-22,0.947679925197,1.064400000000,0.007430885228,1.210301893229,0.738756246530,0.096620462406,1.078419452888
2023-02-23,0.944922934459,1.061600000000,0.007407200670,1.204447469934,0.738967005429,0.096003762016,1.073190456935
2023-02-24,0.940565177443,1.057000000000,0.007363288053,1.197801575160,0.735355502992,0.096064709625,1.067892503536
2023-02-27,0.938959936451,1.055400000000,0.007335279399,1.198324117493,0.736291335287,0.095429268954,1.062946923154
2023-02-28,0.943121401318,1.061900000000,0.007311850169,1.210818576755,0.736867670529,0.095856652825,1.067558057706
2023-03-01,0.947284060542,1.068400000000,0.007377434056,1.206223045137,0.735255660312,0.096252252252,1.068720616185
2023-03-02,0.940193475532,1.060500000000,0.007310264010,1.194458523399,0.734011627907,0.095240233498,1.061774128955
2023-03-03,0.942080707597,1.061500000000,0.007343479765,1.199028577883,0.735263558911,0.095261599210,1.065977103836
2023-03-06,0.944239207873,1.064600000000,0.007360342920,1.201173417579,0.734561512454,0.095402813872,1.070272443953
2023-03-07,0.944264694781,1.066500000000,0.007344535500,1.198745616401,0.732888949973,0.094981520239,1.070890651672
2023-03-08,0.934299776803,1.054500000000,0.007287491361,1.183847138334,0.727291537347,0.093455044977,1.061826603565
2023-03-09,0.935779828249,1.055400000000,0.007338339591,1.188326164794,0.724166323590,0.093097516870,1.064877408940
2023-03-10,0.937995680537,1.058600000000,0.007315825847,1.199438011285,0.722939288397,0.092928938243,1.077565146580
2023-03-13,0.950990303226,1.070600000000,0.007541561003,1.211497114405,0.726076636148,0.093592097211,1.098051282051
2023-03-14,0.952469464770,1.073700000000,0.007451592755,1.219365389420,0.730955136497,0.095118710135,1.097403924775
2023-03-15,0.943502602925,1.054900000000,0.007561465128,1.209151450546,0.727316602317,0.094170683806,1.084507042254
2023-03-16,0.945538738703,1.059500000000,0.007558139535,1.206445001139,0.727428767594,0.094783549977,1.078920570265
2023-03-17,0.947687661592,1.062300000000,0.007557088995,1.214223664960,0.728400987383,0.094852448770,1.077601947657
2023-03-20,0.955145920879,1.071700000000,0.007613127797,1.223960712654,0.730588315495,0.096061453515,1.079472199839
2023-03-21,0.957398749914,1.077600000000,0.007555212788,1.224086422137,0.731766942822,0.097089827912,1.080842527583
2023-03-22,0.957269385259,1.078500000000,0.007535107944,1.226613591129,0.729603571912,0.096696104362,1.082831325301
2023-03-23,0.964335049568,1.087900000000,0.007614614685,1.228946149588,0.731361344538,0.096943503832,1.091282977229
2023-03-24,0.957332596314,1.074500000000,0.007683232034,1.221855810780,0.725229481641,0.095869022127,1.088211464452
2023-03-27,0.958175182066,1.077300000000,0.007605902287,1.226741670273,0.729433272395,0.096084552265,1.090936708861
2023-03-28,0.963554243746,1.084100000000,0.007651210389,1.232800382087,0.732351550361,0.096626409377,1.089876344627
2023-03-29,0.961941944525,1.084700000000,0.007554673353,1.232781742965,0.735938666124,0.096029392236,1.087636618871
2023-03-30,0.964239967241,1.088600000000,0.007537737156,1.234744340093,0.738534599729,0.096304749772,1.092642778280
2023-03-31,0.963193787565,1.087500000000,0.007508803425,1.236919927207,0.737938522087,0.096405301183,1.090991171750
2023-04-03,0.964003036922,1.087000000000,0.007521970798,1.238182025288,0.743095433415,0.096335356937,1.092572117801
2023-04-04,0.966854784678,1.090100000000,0.007521043190,1.248210871034,0.744552967693,0.096876249722,1.095137633112
2023-04-05,0.970639987848,1.094000000000,0.007610964241,1.247647830302,0.743257014743,0.096587648435,1.104938895061
2023-04-06,0.968911206565,1.091500000000,0.007606801868,1.247499857135,0.742315016322,0.095850713502,1.104980765337
2023-04-11,0.965454780678,1.090500000000,0.007506194934,1.242905012651,0.740225359761,0.095444400683,1.105087150385
2023-04-12,0.966021661932,1.092200000000,0.007476213293,1.240600649719,0.741580662683,0.096246034544,1.108494874657
2023-04-13,0.973263417590,1.101500000000,0.007502894898,1.250880101751,0.746324276713,0.096719526544,1.123521011832
2023-04-14,0.977007780749,1.105700000000,0.007542291951,1.250226142017,0.750899830221,0.097457141598,1.125165360741
2023-04-17,0.970449014516,1.098100000000,0.007471592842,1.242574089371,0.748381380767,0.097037017400,1.119139828781
2023-04-18,0.969996173594,1.097200000000,0.007469535026,1.244795389311,0.747462361196,0.097136027622,1.116061438307
2023-04-19,0.966069484835,1.093300000000,0.007425292040,1.240863485722,0.743842699687,0.096700866796,1.112433862434
2023-04-20,0.966362900382,1.094400000000,0.007421673674,1.241477885041,0.741614149217,0.096610169492,1.115596330275
2023-04-21,0.968829297030,1.097800000000,0.007472093656,1.239471604381,0.738811494717,0.096880377708,1.120775906075
2023-04-24,0.969500470358,1.100200000000,0.007425254775,1.243683800007,0.738092043472,0.097285347953,1.122653061224
2023-04-25,0.970895574305,1.102200000000,0.007451828815,1.243386541824,0.735584623599,0.097500995179,1.126302881668
2023-04-26,0.972052105884,1.103900000000,0.007475452021,1.246499548329,0.734220152976,0.096956655395,1.123676710098
2023-04-27,0.972889627344,1.104200000000,0.007503397662,1.248699506944,0.734126720298,0.097025613989,1.119651186372
2023-04-28,0.966189080831,1.098100000000,0.007352527620,1.247132311187,0.732995127161,0.096736114170,1.116068706169
2023-05-02,0.964389009498,1.096500000000,0.007276045123,1.247894569126,0.736647631844,0.097108444405,1.114216034956
2023-05-03,0.970836993996,1.104300000000,0.007378725110,1.251118790007,0.733998005982,0.097497020262,1.125802834132
2023-05-04,0.974471496951,1.107400000000,0.007436207360,1.258194625916,0.734739915074,0.097645710255,1.129769434809
2023-05-05,0.972759840935,1.101400000000,0.007451962111,1.260500354780,0.741184387618,0.098019846037,1.120675620676
2023-05-08,0.974657013440,1.103700000000,0.007399932953,1.265304718668,0.750305914344,0.098534085634,1.124732497707
2023-05-09,0.969643013678,1.095900000000,0.007406230993,1.259799977009,0.746576742285,0.097948786701,1.119636289334
2023-05-10,0.969027700049,1.095000000000,0.007389661223,1.261331828182,0.747083304906,0.097822008612,1.120663186982
2023-05-11,0.968905126753,1.093000000000,0.007458714344,1.259289129558,0.744956379498,0.097429223419,1.120106579217
2023-05-12,0.964508299768,1.089200000000,0.007408515848,1.251666283613,0.740851584818,0.096882366022,1.117816091954
2023-05-15,0.961930994330,1.087600000000,0.007341208235,1.250934520318,0.740670117134,0.096328771976,1.115830511952
2023-05-16,0.962952304264,1.088100000000,0.007357495436,1.251581586878,0.742628992629,0.096492706070,1.118064118372
2023-05-17,0.958029843051,1.082900000000,0.007301598004,1.246216698314,0.741255390513,0.095620309051,1.111122511800
2023-05-18,0.955997162667,1.081300000000,0.007253152670,1.244447001956,0.742243272927,0.095177318698,1.110734463277
2023-05-19,0.955050707255,1.080800000000,0.007227014376,1.244587747582,0.741543739280,0.095061348344,1.109878825221
2023-05-22,0.956016347943,1.082200000000,0.007232023523,1.246113810653,0.740320153236,0.095125917461,1.115670103093
2023-05-23,0.952489875459,1.077900000000,0.007224530831,1.239065212144,0.739757051678,0.094144671336,1.109178843383
2023-05-24,0.952494962123,1.078500000000,0.007223710650,1.239754922810,0.738698630137,0.093698687263,1.108199753391
2023-05-25,0.947955999136,1.073500000000,0.007174363430,1.236850898114,0.735324337283,0.092951770716,1.105789039967
2023-05-26,0.948595770221,1.075100000000,0.007155883919,1.238408994045,0.734859876965,0.093259888966,1.107551251674
2023-05-29,0.945661830193,1.071500000000,0.007129549538,1.234375900006,0.735718209283,0.092405740108,1.106578539709
2023-05-30,0.948783589026,1.074400000000,0.007162189187,1.244022462803,0.736596736597,0.092350008595,1.108771929825
2023-05-31,0.944175882432,1.068300000000,0.007163548582,1.236386783172,0.732615553422,0.091874645247,1.098621966269
2023-06-01,0.946382433205,1.069700000000,0.007167169179,1.246402479522,0.737012539617,0.091855223048,1.099157418824
2023-06-02,0.952532426960,1.076300000000,0.007201257862,1.252531129990,0.745205289760,0.093182113328,1.102992416479
2023-06-05,0.945353474137,1.069000000000,0.007128567618,1.238372160374,0.744066262964,0.091822710874,1.098438142211
2023-06-06,0.946234708321,1.068300000000,0.007165470521,1.240723319745,0.744875191745,0.091924450372,1.101567333471
2023-06-07,0.948987907039,1.071700000000,0.007172399946,1.246597650343,0.746777228068,0.092185282353,1.104389942292
2023-06-08,0.949840816265,1.073700000000,0.007158954527,1.246850069095,0.748640356993,0.092178914835,1.101117834068
2023-06-09,0.953696559959,1.078000000000,0.007175186368,1.256483478058,0.750591839577,0.092349867215,1.109510086455
2023-06-12,0.952821293486,1.076500000000,0.007175231620,1.256448563225,0.749808455806,0.092653957051,1.103989334427
2023-06-13,0.954002850487,1.079300000000,0.007165715044,1.257192778101,0.749357772686,0.092723367698,1.103127555192
2023-06-14,0.955851841308,1.080900000000,0.007148336750,1.264876250658,0.751773542913,0.093499416115,1.108501692134
2023-06-15,0.954498083215,1.081900000000,0.007077718173,1.264566653030,0.750537634409,0.093101905237,1.108390533757
2023-06-16,0.965367747178,1.096600000000,0.007090850307,1.283654071265,0.756275862069,0.094595643735,1.122415557830
2023-06-19,0.961681942844,1.092200000000,0.007049180328,1.280902566027,0.757893275970,0.093395927931,1.117683176422
2023-06-20,0.961771663095,1.093300000000,0.007075917416,1.275654862610,0.755406619222,0.092983500595,1.114702283850
2023-06-21,0.960630119583,1.092300000000,0.007052101491,1.272661602274,0.756702459300,0.092911885542,1.114250739570
2023-06-22,0.964430407979,1.098500000000,0.007039410445,1.275619810718,0.759524303395,0.093709479288,1.118066157761
2023-06-23,0.957451992428,1.088400000000,0.006984086242,1.273295195311,0.756884561892,0.093224839400,1.113680548450
2023-06-26,0.959639979346,1.091800000000,0.006980372099,1.271338410303,0.760624216246,0.093456023967,1.121289925028
2023-06-27,0.960993530929,1.095100000000,0.006968944890,1.273520176765,0.760063853415,0.093275414165,1.118704668505
2023-06-28,0.957836760400,1.093800000000,0.006930680522,1.265679240916,0.754813332413,0.092734209411,1.113622480147
2023-06-29,0.957918089057,1.093800000000,0.006934195512,1.265972222222,0.754188788527,0.092557647557,1.118061944189
2023-06-30,0.953487177136,1.086600000000,0.006913973021,1.266020412919,0.753798126951,0.092041844903,1.110134859011
2023-07-03,0.955283491537,1.089900000000,0.006906406438,1.267620376832,0.754726127000,0.092106819910,1.112142857143
2023-07-04,0.956209704219,1.089500000000,0.006924494725,1.271695866843,0.756439630633,0.092236708432,1.116062282319
2023-07-05,0.954459710147,1.087900000000,0.006917843062,1.269650463909,0.753028310376,0.091965002747,1.112144755674
2023-07-06,0.956944190420,1.089900000000,0.006961103660,1.277575899660,0.752225826489,0.091553614180,1.117044173414
2023-07-07,0.956088945320,1.088800000000,0.006979039805,1.276466036718,0.747956309679,0.091438169221,1.116259995899
2023-07-10,0.961887041376,1.095600000000,0.007035253323,1.277920987251,0.752886201209,0.092264937471,1.123346662565
2023-07-11,0.967352987455,1.098900000000,0.007123225514,1.291152626013,0.753290375651,0.093443877551,1.133704735376
2023-07-12,0.970696347775,1.102200000000,0.007164586583,1.290964885568,0.756278303829,0.094366438356,1.138283589797
2023-07-13,0.983318308734,1.118200000000,0.007221648153,1.307026054025,0.759956504010,0.097150304083,1.159477395272
2023-07-14,0.985980190901,1.122100000000,0.007215613144,1.311017642248,0.761882129278,0.097633342034,1.162918437144
2023-07-17,0.985775233118,1.123000000000,0.007227442399,1.307745158548,0.756483664534,0.097760135106,1.163489432242
2023-07-18,0.987851125675,1.125500000000,0.007242599743,1.311190847876,0.757300497914,0.097835535466,1.166683943195
2023-07-19,0.982766312663,1.122200000000,0.007158713958,1.291101958167,0.758499493072,0.097786685256,1.165558786872
2023-07-20,0.981445254022,1.119700000000,0.007161496642,1.288196042338,0.760872519706,0.097539091424,1.162117280747
2023-07-21,0.974098751856,1.112300000000,0.007056397894,1.282840864531,0.758317425689,0.096288857917,1.155036344756
2023-07-24,0.973653573204,1.109600000000,0.007091455231,1.285002895194,0.758182439358,0.096073423092,1.156435643564
2023-07-25,0.970887823847,1.105100000000,0.007075809963,1.282792403770,0.758893009202,0.096137451066,1.151385705355
2023-07-26,0.972721931892,1.105900000000,0.007121056021,1.290507030749,0.756429548564,0.095904191201,1.158131741544
2023-07-27,0.977546906068,1.112500000000,0.007133696698,1.295336787565,0.759178381329,0.096751750228,1.165898134563
2023-07-28,0.970854634651,1.101000000000,0.007179654385,1.286816269285,0.756545042259,0.095287550305,1.152396901821
2023-07-31,0.968005612019,1.102300000000,0.007033114273,1.285256223401,0.756762323218,0.095111954787,1.145961118619
2023-08-01,0.962927626516,1.097000000000,0.006993943258,1.277586909684,0.752968632027,0.094166323307,1.141519250780
2023-08-02,0.963446953628,1.098500000000,0.007002167262,1.276761430996,0.751316599412,0.094041606027,1.139286455092
2023-08-03,0.958887050550,1.093200000000,0.006996927803,1.264282740436,0.747793966756,0.093105650896,1.141246476668
2023-08-04,0.960475013940,1.094600000000,0.007011722503,1.269940714443,0.747269251775,0.093555555556,1.140445926235
2023-08-07,0.963522745251,1.098400000000,0.007031560079,1.274793124659,0.747821350763,0.094182207931,1.141194805195
2023-08-08,0.959106322383,1.094400000000,0.006990737783,1.270224471320,0.741714672992,0.093188010899,1.140000000000
2023-08-09,0.960500046880,1.096800000000,0.006970448046,1.272685077744,0.744097693351,0.093587610393,1.139295730757
2023-08-10,0.963732453322,1.101900000000,0.006955122136,1.276632720448,0.746342454619,0.094227809133,1.145664379289
2023-08-11,0.961268140437,1.100400000000,0.006922060766,1.273390036452,0.743965925225,0.093195003176,1.144223770407
2023-08-14,0.955833076465,1.093000000000,0.006888076632,1.267760830482,0.743537414966,0.092310290951,1.137593671940
2023-08-15,0.955304868733,1.092600000000,0.006869969819,1.271130242569,0.741147741148,0.092288200017,1.139787189652
2023-08-16,0.954879006951,1.091600000000,0.006862387628,1.274563605581,0.741273937254,0.092289482584,1.136491410724
2023-08-17,0.954087624776,1.090000000000,0.006860523666,1.276421336144,0.740589754043,0.091854448620,1.140763997907
2023-08-18,0.951419226103,1.086700000000,0.006873063057,1.271098218568,0.737595873210,0.091026360537,1.135409048166
2023-08-21,0.954162138649,1.090800000000,0.006853911404,1.276162620649,0.740881613802,0.091590746883,1.137672090113
2023-08-22,0.953246241567,1.088700000000,0.006860113422,1.276498452303,0.739807012775,0.091772738768,1.138212232096
2023-08-23,0.947216677457,1.080500000000,0.006869913530,1.261485295319,0.736687802550,0.090751799498,1.134502309954
2023-08-24,0.949374194784,1.084000000000,0.006862496835,1.265615878576,0.738117935449,0.090958674219,1.133654047270
2023-08-25,0.946922181816,1.080800000000,0.006851347068,1.261982882431,0.736641221374,0.090861706599,1.130071099958
2023-08-28,0.946015621473,1.080800000000,0.006825386801,1.259453475500,0.735588375417,0.090823529412,1.130662203159
2023-08-29,0.944864590654,1.080300000000,0.006797332159,1.258211041230,0.733799755468,0.090919037199,1.130257376020
2023-08-30,0.951669901883,1.088600000000,0.006840087967,1.266992551210,0.737334055811,0.091934802804,1.137750836120
2023-08-31,0.951174615114,1.086800000000,0.006857214966,1.267878391936,0.738265063515,0.091767288694,1.133973288815
2023-09-01,0.950538318102,1.084400000000,0.006886391059,1.267740653277,0.739901746725,0.091156691325,1.132650929601
2023-09-04,0.946046585952,1.080100000000,0.006831319967,1.262536528346,0.735462345091,0.090757079237,1.131231671554
2023-09-05,0.940024731223,1.073100000000,0.006783185841,1.254574150932,0.732391482391,0.090066725419,1.123900293255
2023-09-06,0.941235329543,1.074500000000,0.006792894171,1.256681052127,0.732996793779,0.090214516603,1.123836418785
2023-09-07,0.938324841438,1.071000000000,0.006791376030,1.246798603027,0.732307692308,0.089928208573,1.120644553730
2023-09-08,0.937958513536,1.070400000000,0.006781550938,1.248498279582,0.731997538125,0.089919354839,1.121659855391
2023-09-11,0.940826996638,1.072400000000,0.006823619242,1.252072387624,0.736285616203,0.090273159645,1.121757322176
2023-09-12,0.939335594720,1.071300000000,0.006805361453,1.246784986907,0.736288659794,0.090119873817,1.120489488547
2023-09-13,0.939780797960,1.073300000000,0.006781020975,1.246718550354,0.737359164606,0.089834693451,1.119303368443
2023-09-14,0.940096726953,1.073000000000,0.006785556188,1.247746962033,0.739744915546,0.089790794979,1.119107217355
2023-09-15,0.935460536588,1.065800000000,0.006766984127,1.241062903188,0.739676591020,0.089766697549,1.115553694788
2023-09-18,0.935312478724,1.066300000000,0.006772738821,1.237854215763,0.740486111111,0.088953216765,1.114910079465
2023-09-19,0.939215661239,1.071300000000,0.006771807838,1.241899771629,0.745355875600,0.090142622744,1.116519020323
2023-09-20,0.937877366583,1.070200000000,0.006761435431,1.236796486768,0.744953362105,0.090081900289,1.114675554630
2023-09-21,0.932397732243,1.063500000000,0.006759247490,1.226459700391,0.740186525612,0.089174911957,1.104590776901
2023-09-22,0.933348007339,1.064700000000,0.006744156585,1.226683564721,0.744389288960,0.089628756629,1.103316062176
2023-09-25,0.932027374157,1.063300000000,0.006726341093,1.222675789111,0.742994899029,0.090663369714,1.098904505994
2023-09-26,0.929875134069,1.060500000000,0.006717552417,1.218685359687,0.740676072077,0.090998798696,1.096124031008
2023-09-27,0.925166268814,1.053600000000,0.006702290076,1.213685059325,0.739109084532,0.090628360071,1.088429752066
2023-09-28,0.926287395943,1.053900000000,0.006698658870,1.220738304009,0.741869632550,0.090802567527,1.088964662120
2023-09-29,0.930383506550,1.059400000000,0.006700822264,1.225334844664,0.744640472341,0.091862128767,1.095666563243
2023-10-02,0.924200439939,1.053000000000,0.006678505740,1.215542318881,0.734565748169,0.090906736422,1.093003944364
2023-10-03,0.918823648200,1.046900000000,0.006667728170,1.206453471622,0.728785241907,0.089959183673,1.083747412008
2023-10-04,0.922070421442,1.049700000000,0.006708205521,1.212292696448,0.729414217219,0.090604635104,1.089578575877
2023-10-05,0.923823989689,1.052600000000,0.006716865548,1.215403267710,0.726983907728,0.090760939858,1.093610389610
2023-10-06,0.926380406081,1.056300000000,0.006707944370,1.221014911571,0.728884902015,0.091025033392,1.096998649912
2023-10-09,0.924784710476,1.053100000000,0.006705080861,1.217175219602,0.732336578581,0.090718008356,1.099154576767
2023-10-10,0.928787525413,1.058200000000,0.006709783780,1.224910290543,0.735525126851,0.091220206026,1.103556158098
2023-10-11,0.930612562503,1.060400000000,0.006716918984,1.229235495276,0.734908864093,0.091686481345,1.107351712615
2023-10-12,0.931563221644,1.061900000000,0.006706030944,1.231045675864,0.735642535504,0.091991163858,1.110077357307
2023-10-13,0.924140691954,1.052400000000,0.006684451220,1.217844124284,0.730985622005,0.091116883117,1.102451288498
2023-10-16,0.925527069696,1.053800000000,0.006689094833,1.217632445549,0.733844011142,0.091336944745,1.108679642294
2023-10-17,0.927121801884,1.056900000000,0.006687970638,1.217346233587,0.733398098675,0.091665221162,1.110539035410
2023-10-18,0.926858432139,1.056500000000,0.006682479443,1.219836046646,0.732409012132,0.091358750638,1.113042562158
2023-10-19,0.925080542738,1.055800000000,0.006673408761,1.212197754254,0.728891957197,0.090895785803,1.114889123548
2023-10-20,0.927294413363,1.059100000000,0.006669395466,1.214383176820,0.730817002484,0.091034897714,1.121690319847
2023-10-23,0.927197062029,1.059700000000,0.006668554528,1.215907656650,0.728716820245,0.090517720016,1.120071874009
2023-10-24,0.929716678706,1.063200000000,0.006675875926,1.221717897156,0.730019225488,0.090519002861,1.119040101042
2023-10-25,0.925296062144,1.057600000000,0.006670450962,1.212287941311,0.726922812564,0.089844115024,1.116318344944
2023-10-26,0.922137232669,1.054000000000,0.006650681474,1.209131581966,0.723652591830,0.089318249227,1.113458694274
2023-10-27,0.922533182733,1.054100000000,0.006668142713,1.211288969583,0.723373593192,0.089152958092,1.109345400968
2023-10-30,0.926326260968,1.060500000000,0.006678211587,1.214150781384,0.722903885481,0.089827206505,1.108845671267
2023-10-31,0.925726281766,1.061900000000,0.006624454148,1.215461392304,0.721791734638,0.089782287043,1.105339856355
2023-11-01,0.920749232705,1.053700000000,0.006613318270,1.211915578814,0.721218343600,0.089251228189,1.100814876724
2023-11-02,0.929833114518,1.066100000000,0.006667709050,1.221121356165,0.724892908139,0.090202216770,1.107981708584
2023-11-03,0.934389050125,1.070200000000,0.006694189029,1.230355356794,0.730362383130,0.091158432709,1.111896103896
2023-11-06,0.937448840050,1.074100000000,0.006676819792,1.239727608495,0.732474086197,0.092138108514,1.113518556915
2023-11-07,0.932402757048,1.068600000000,0.006646762456,1.230326406079,0.727978745146,0.091572046789,1.110118429254
2023-11-08,0.930652289738,1.067100000000,0.006629185563,1.226340286158,0.725375569302,0.091553343915,1.111678299823
2023-11-09,0.931420154322,1.069100000000,0.006616946215,1.225961814116,0.725502171553,0.091894447310,1.109370135934
2023-11-10,0.930178014349,1.068300000000,0.006603820239,1.221821924858,0.724123907002,0.091865164675,1.108655043587
2023-11-13,0.929214549075,1.067000000000,0.006588046431,1.224255636510,0.723193710180,0.091903531438,1.105012427506
2023-11-14,0.932556967284,1.072400000000,0.006592487859,1.229393557262,0.723031283711,0.092022276187,1.109226313612
2023-11-15,0.945100850869,1.086800000000,0.006651569864,1.246501812176,0.731654773125,0.094908741595,1.127385892116
2023-11-16,0.942074493177,1.084900000000,0.006613227674,1.239602376600,0.728560875697,0.094422879423,1.124132214278
2023-11-17,0.945711746461,1.087200000000,0.006699118861,1.244007094227,0.729272873625,0.094695584008,1.127449963704
2023-11-20,0.950012091375,1.092800000000,0.006740685912,1.247061508616,0.728824863279,0.095633149558,1.130677703052
2023-11-21,0.953034532906,1.095500000000,0.006778664687,1.254494652223,0.728924080112,0.096062784988,1.132533857128
2023-11-22,0.949594997222,1.091100000000,0.006724807396,1.253705618752,0.729393676048,0.095794556629,1.131846473029
2023-11-23,0.948056347912,1.090000000000,0.006687937170,1.253738210260,0.729585006693,0.095292214888,1.130236416425
2023-11-24,0.949366680717,1.091600000000,0.006684629516,1.257342947315,0.730900569133,0.095427922021,1.132365145228
2023-11-27,0.953081307383,1.095100000000,0.006724180278,1.263513747390,0.733538750084,0.095884773663,1.135995850622
2023-11-28,0.953023702499,1.094900000000,0.006727909549,1.261114950472,0.735473903406,0.095766640427,1.135199585277
2023-11-29,0.957163528637,1.098500000000,0.006775845053,1.269575267264,0.736260053619,0.096652149048,1.140943082676
2023-11-30,0.953809609720,1.093100000000,0.006781438054,1.265630789181,0.735104236718,0.095627602617,1.143170884752
2023-12-01,0.950517356616,1.087500000000,0.006748789872,1.263873554535,0.737988599349,0.095633821396,1.141133263379
2023-12-04,0.952218875219,1.086800000000,0.006815074936,1.266814314023,0.738515901060,0.095998586697,1.146897425074
2023-12-05,0.948352963194,1.081700000000,0.006797586879,1.261855044737,0.735850340136,0.095645253990,1.143929780034
2023-12-06,0.946100890026,1.077800000000,0.006791430372,1.258965074174,0.737411056377,0.095325697608,1.143069254428
2023-12-07,0.947495496469,1.077100000000,0.006896529645,1.256093294461,0.734920851528,0.095693737395,1.140271014186
2023-12-08,0.948983875281,1.077700000000,0.006929209799,1.257673007352,0.736788131538,0.095897846592,1.141873278237
2023-12-11,0.945266961506,1.075700000000,0.006828107147,1.256952559009,0.736326921761,0.095219969904,1.134944081030
2023-12-12,0.949472408587,1.080400000000,0.006888548840,1.257331719579,0.737172489083,0.095767406816,1.144127925447
2023-12-13,0.947519192049,1.078700000000,0.006865016229,1.252554575012,0.736615678776,0.095654872750,1.141239949217
2023-12-14,0.961542409982,1.091900000000,0.007053617571,1.270315862952,0.743953123935,0.097665474061,1.150579557429
2023-12-15,0.963789917557,1.094600000000,0.007055107960,1.275267088416,0.747014263291,0.097623188406,1.153667790894
2023-12-18,0.960689917818,1.091800000000,0.007000961847,1.265664305670,0.748628634120,0.097963212203,1.151687763713
2023-12-19,0.962013361301,1.096200000000,0.006929203540,1.273244671584,0.747086485381,0.098093959732,1.157550158395
2023-12-20,0.961448950642,1.094400000000,0.006965376782,1.264398359425,0.749127250325,0.098337676341,1.156871035941
2023-12-21,0.964689378501,1.098300000000,0.007004911027,1.265249697598,0.748772838833,0.098954860798,1.164440203562
2023-12-22,0.968904957797,1.102300000000,0.007036256862,1.271982460189,0.752988592117,0.099705126814,1.170542635659
2023-12-27,0.971341689437,1.106500000000,0.007011596223,1.274329148912,0.757254311525,0.099990963311,1.172388217843
2023-12-28,0.976566542973,1.111400000000,0.007098422431,1.276590856880,0.756157300313,0.100686706166,1.194796817889
2023-12-29,0.971685434846,1.105000000000,0.007068380989,1.271503365744,0.754678322634,0.099585436193,1.193304535637
2024-01-02,0.964508324649,1.095600000000,0.007037512847,1.264469963645,0.752214212152,0.098220449146,1.177431488447
2024-01-03,0.960773108278,1.091900000000,0.006992187500,1.262750086735,0.749210923563,0.097565116383,1.171315168419
2024-01-04,0.962206726440,1.095300000000,0.006936229498,1.269500915645,0.750051359310,0.097877664090,1.176097927628
2024-01-05,0.958714856158,1.092100000000,0.006887179164,1.266790395546,0.748013698630,0.097205162439,1.171781115880
2024-01-08,0.961144314613,1.094600000000,0.006919527151,1.270574579222,0.747116237799,0.097649315313,1.175977653631
2024-01-09,0.961636106099,1.094000000000,0.006940303242,1.273010775210,0.748648463697,0.097578379343,1.174702029421
2024-01-10,0.960485406898,1.094600000000,0.006882978054,1.272450391174,0.747218240153,0.097758328124,1.172450728363
2024-01-11,0.963110104251,1.098700000000,0.006879343811,1.275407742759,0.748586223343,0.098124497633,1.176590276290
2024-01-12,0.959935054140,1.094200000000,0.006874411007,1.273065735893,0.747710810441,0.097175843694,1.170267379679
2024-01-15,0.959124366742,1.094500000000,0.006854762949,1.271565495208,0.744811160259,0.097047348821,1.170463052080
2024-01-16,0.953662560907,1.088200000000,0.006816587321,1.264202235182,0.742241320510,0.096118005565,1.162482640744
2024-01-17,0.952007712889,1.087700000000,0.006770619359,1.267449719173,0.739881640705,0.095475093263,1.156389538592
2024-01-18,0.951803670555,1.087500000000,0.006759276524,1.267881501172,0.740753354676,0.095696937698,1.152989821883
2024-01-19,0.952547084062,1.088700000000,0.006754979214,1.268511505971,0.742835698690,0.095667838313,1.150967332699
2024-01-22,0.953649504137,1.089000000000,0.006766076421,1.272567922875,0.744870041040,0.095909110925,1.151406216959
2024-01-23,0.952132380083,1.087200000000,0.006757831924,1.271683061771,0.742217367559,0.095813871508,1.150963370739
2024-01-24,0.955272448301,1.090500000000,0.006796086252,1.274797470278,0.743404458382,0.096007395343,1.158258098779
2024-01-25,0.953639554988,1.089300000000,0.006773832473,1.273469101452,0.740315345929,0.095973568282,1.156369426752
2024-01-26,0.952965055046,1.087100000000,0.006768148425,1.273427982382,0.744232217430,0.096031023913,1.156981694338
2024-01-29,0.949849485333,1.082300000000,0.006758883407,1.269560117302,0.744258011278,0.095304767440,1.158903522861
2024-01-30,0.951475947264,1.084600000000,0.006780021254,1.266641752698,0.744712990937,0.096006939834,1.158142018153
2024-01-31,0.950934599382,1.083700000000,0.006765091454,1.268449698601,0.744401703531,0.096173301858,1.159285408644
2024-02-01,0.950049171544,1.081400000000,0.006802969300,1.266973627172,0.743536853685,0.095400250543,1.158311910883
2024-02-02,0.955883255051,1.088300000000,0.006819776914,1.276403598278,0.747664193460,0.096583244586,1.168330649490
2024-02-05,0.943146651281,1.074600000000,0.006728024042,1.255447163970,0.740745846833,0.094478635484,1.149673692094
2024-02-06,0.942987779809,1.074300000000,0.006732890449,1.257079335362,0.739570425444,0.094381726334,1.147021140295
2024-02-07,0.946374508147,1.077600000000,0.006747229353,1.263231932478,0.743121164058,0.095595475715,1.147237304376
2024-02-08,0.943872436619,1.075800000000,0.006700716288,1.260043570943,0.741675284385,0.095452730580,1.143373365926
2024-02-09,0.944625864696,1.077200000000,0.006690683230,1.260767790262,0.743614524368,0.095483756593,1.142069550466
2024-02-12,0.945267448102,1.077300000000,0.006711731356,1.261608366221,0.742760617761,0.095913461538,1.142417815483
2024-02-13,0.946537107454,1.079300000000,0.006696655705,1.268302427789,0.743780580249,0.095929250733,1.138382027212
2024-02-14,0.938986561964,1.071300000000,0.006642485119,1.256538975815,0.738369288028,0.094698878252,1.128515748446
2024-02-15,0.941112012118,1.074300000000,0.006661912440,1.254510422140,0.738502784079,0.095429713524,1.132749894559
2024-02-16,0.942930350076,1.076800000000,0.006651840870,1.257870451492,0.741699958672,0.095583862234,1.134548519650
2024-02-19,0.944155104359,1.077600000000,0.006668729501,1.261117872858,0.742046550062,0.095897481534,1.135271807838
2024-02-20,0.945328107944,1.080200000000,0.006660500678,1.261031986925,0.741793709655,0.096287382449,1.133949191686
2024-02-21,0.945782773779,1.080900000000,0.006667283494,1.262453427393,0.739430838692,0.096444345304,1.136593059937
2024-02-22,0.947990132401,1.084400000000,0.006647866601,1.266452554745,0.741825147079,0.097046715590,1.137283691662
2024-02-23,0.947978845519,1.083400000000,0.006650297710,1.269510194516,0.742716117091,0.097126720158,1.137786179374
2024-02-26,0.948265019098,1.085200000000,0.006642183866,1.269313994970,0.739539321248,0.097174837699,1.136811229834
2024-02-27,0.948860300381,1.085600000000,0.006658488714,1.267928054193,0.741023890785,0.097097625330,1.137468566639
2024-02-28,0.944704917732,1.080800000000,0.006635967336,1.263384298873,0.735788685411,0.096568977841,1.135294117647
2024-02-29,0.946122823727,1.082600000000,0.006660924137,1.263907536046,0.735511923364,0.096531431119,1.135514998951
2024-03-01,0.944976602951,1.081300000000,0.006641076035,1.263378043651,0.736630560665,0.096589487977,1.128470048007
2024-03-04,0.947035735351,1.084600000000,0.006645018993,1.267307759719,0.736870711325,0.096474062478,1.129321116202
2024-03-05,0.947215754739,1.084900000000,0.006655419913,1.268251055025,0.735675052553,0.096176520128,1.129045686336
2024-03-06,0.949660080054,1.087400000000,0.006684699084,1.271842616202,0.736222071767,0.096610545955,1.130470942925
2024-03-07,0.953717596315,1.089500000000,0.006763300019,1.275089238692,0.740904454267,0.097325448439,1.137621384567
2024-03-08,0.957505259339,1.093200000000,0.006790483881,1.283580687582,0.743622882797,0.097921891795,1.140175219024
2024-03-11,0.957007867478,1.092600000000,0.006810446924,1.282273964886,0.740595133193,0.097671300228,1.138836772983
2024-03-12,0.955091253522,1.091600000000,0.006763740009,1.277352617660,0.740620123482,0.097699812047,1.138506466416
2024-03-13,0.956508325617,1.093900000000,0.006759562504,1.280148857240,0.741325562483,0.097730724560,1.139597874779
2024-03-14,0.955472159950,1.092500000000,0.006756338899,1.278974479045,0.741935483871,0.097331729698,1.136127287854
2024-03-15,0.952136423572,1.089200000000,0.006722211936,1.275260508137,0.739393116557,0.096668264196,1.133048996151
2024-03-18,0.951250196549,1.089200000000,0.006702356778,1.273545746858,0.738691081723,0.096237784728,1.131048805815
2024-03-19,0.947056404116,1.085400000000,0.006643814654,1.270290830359,0.735017268233,0.095659454457,1.127102803738
2024-03-20,0.945244334663,1.084400000000,0.006590494713,1.269224466865,0.735884907709,0.095461948149,1.122799751501
2024-03-21,0.949686802145,1.090700000000,0.006611905917,1.273022246084,0.740160152009,0.095974305953,1.116833913578
2024-03-22,0.943559708467,1.082300000000,0.006609869305,1.261495425141,0.736860021786,0.094917781188,1.112447322438
2024-03-25,0.944326734070,1.083500000000,0.006615581878,1.264323554809,0.735973373183,0.094571004626,1.114253393665
2024-03-26,0.945102220009,1.085500000000,0.006602798054,1.264473592247,0.737532273407,0.094778660613,1.106523955148
2024-03-27,0.942428749448,1.081600000000,0.006614481409,1.261076392128,0.735182164220,0.094003128802,1.102436041178
2024-03-28,0.942725176835,1.081100000000,0.006614255124,1.264296573500,0.736845692475,0.093804772234,1.107003891051
2024-04-02,0.938195086656,1.074900000000,0.006594073983,1.257045959537,0.737394525623,0.093004542505,1.100768049155
2024-04-03,0.939887448585,1.078300000000,0.006588659416,1.258035537200,0.737248735129,0.093157667387,1.101205065359
2024-04-04,0.944785055079,1.085200000000,0.006589349687,1.264978784912,0.740649740650,0.094279136441,1.102173471460
2024-04-05,0.944158386256,1.084100000000,0.006606337599,1.263917549812,0.737382669025,0.094056914801,1.107015214949
2024-04-08,0.942338962159,1.082300000000,0.006582132214,1.261495425141,0.735507985049,0.094379768912,1.103599469766
2024-04-09,0.945668690567,1.086700000000,0.006587258289,1.268575697793,0.736795714964,0.094862729693,1.106731846420
2024-04-10,0.945549167348,1.086000000000,0.006586208988,1.269952639888,0.737370994025,0.094975731339,1.107033639144
2024-04-11,0.934747614611,1.072900000000,0.006534900719,1.254486992108,0.730460239651,0.093044835660,1.096250127720
2024-04-12,0.929419240253,1.065200000000,0.006528560922,1.246956358869,0.727446561497,0.092066482856,1.096335940716
2024-04-15,0.929031883495,1.065600000000,0.006495580616,1.247702125168,0.727620348242,0.092193488662,1.095732647815
2024-04-16,0.926583598190,1.063700000000,0.006464689437,1.244967228464,0.725184074175,0.091422432316,1.095242998353
2024-04-17,0.926507712120,1.063800000000,0.006465297192,1.245667447307,0.724116806208,0.091084225938,1.097493036212
2024-04-18,0.929666513229,1.067900000000,0.006479189419,1.247138786378,0.727105603595,0.091767637707,1.100474031327
2024-04-19,0.927655917132,1.065300000000,0.006468909400,1.244218640505,0.726373926088,0.091332304527,1.100516528926
2024-04-22,0.925675190261,1.063200000000,0.006462829007,1.231581873784,0.728618421053,0.091643321984,1.096874032807
2024-04-23,0.928784248525,1.067400000000,0.006460085941,1.240441603719,0.729945975518,0.091993449970,1.097696421226
2024-04-24,0.929428124330,1.068600000000,0.006454067766,1.243353307348,0.730516817063,0.091942353194,1.093308778392
2024-04-25,0.931446628215,1.072000000000,0.006428400096,1.251240151736,0.731291356846,0.092104132657,1.094771241830
2024-04-26,0.929940096180,1.071400000000,0.006376242338,1.251007087561,0.732230727173,0.091531968698,1.095613048369
2024-04-29,0.931113178724,1.072000000000,0.006398853937,1.253903828384,0.732490604715,0.091741548994,1.096563011457
2024-04-30,0.929888165075,1.071800000000,0.006369525168,1.253889889796,0.730507088332,0.091193737769,1.095126187800
2024-05-02,0.930501687607,1.069800000000,0.006458974823,1.250672215857,0.728845891811,0.091576784797,1.096218874885
2024-05-03,0.935458068475,1.074400000000,0.006526545985,1.255536208851,0.731780411388,0.092303991478,1.102627257800
2024-05-06,0.936929960925,1.077600000000,0.006503319252,1.257996731263,0.731518566289,0.092696774194,1.104777527168
2024-05-07,0.935031382228,1.076600000000,0.006468008411,1.254705436746,0.730889341480,0.092166766544,1.101944728762
2024-05-08,0.931609595997,1.074300000000,0.006427161232,1.247981599154,0.726663961039,0.091562260291,1.099590583419
2024-05-09,0.931044032821,1.073200000000,0.006414056897,1.247979533694,0.728680065182,0.091566059468,1.099590163934
2024-05-10,0.934518693722,1.077900000000,0.006421040091,1.252571030155,0.730928324405,0.092234629701,1.102259944780
2024-05-13,0.935518296328,1.079500000000,0.006416047548,1.254896946166,0.731517246053,0.092264957265,1.103331970564
2024-05-14,0.935021708343,1.079600000000,0.006392326366,1.255597036624,0.731783366095,0.092049281664,1.101520253035
2024-05-15,0.938803187442,1.083200000000,0.006431158345,1.261882572227,0.733726207410,0.092778648577,1.105306122449
2024-05-16,0.941635433264,1.086600000000,0.006455177330,1.265695981363,0.733693450371,0.093533725855,1.106291997557
2024-05-17,0.939370297255,1.084400000000,0.006418087121,1.265565734959,0.733495670996,0.093041613042,1.100355149670
2024-05-20,0.940752653073,1.086100000000,0.006417134417,1.269579651190,0.733950533856,0.093526914499,1.099291497976
2024-05-21,0.940755697800,1.086400000000,0.006395855410,1.271535580524,0.734202878962,0.093808824799,1.099150141643
2024-05-22,0.938123560894,1.083000000000,0.006387873068,1.271649151647,0.731262660365,0.093101225016,1.093387178193
2024-05-23,0.939882564086,1.085400000000,0.006388463802,1.274317581450,0.731796116505,0.093629501833,1.095588977491
2024-05-24,0.938003188444,1.084000000000,0.006365985436,1.271688506705,0.729229734275,0.093456332442,1.092301491334
2024-05-27,0.939167505755,1.084300000000,0.006375610043,1.274597390384,0.731992169041,0.093960138648,1.092824027414
2024-05-28,0.942392573077,1.088200000000,0.006380907705,1.279031499765,0.734278002699,0.094906680621,1.098304400484
2024-05-29,0.939718051659,1.085700000000,0.006358791144,1.275343592153,0.731702385766,0.094232521807,1.095891793681
2024-05-30,0.937548989097,1.081500000000,0.006380530973,1.270783150226,0.729363366604,0.094047567286,1.102671288744
2024-05-31,0.939963302843,1.085200000000,0.006364062867,1.271246998184,0.733045122940,0.095017949391,1.105316765125
2024-06-03,0.940018938316,1.084200000000,0.006374272444,1.272908717347,0.733360389610,0.095076073135,1.109496520671
2024-06-04,0.943359013641,1.086500000000,0.006456117416,1.276088462939,0.731157469717,0.095512285174,1.119756776255
2024-06-05,0.943043018400,1.087200000000,0.006405844921,1.278336939140,0.731284051927,0.095978812624,1.120362737016
2024-06-06,0.942462437835,1.086500000000,0.006400966184,1.276913313276,0.730223805363,0.096210041619,1.121606276453
2024-06-07,0.945241141317,1.089800000000,0.006428739972,1.280310150376,0.731311233391,0.096378509839,1.123968646865
2024-06-10,0.935009902157,1.075600000000,0.006374303662,1.271921007509,0.726707654888,0.094908673785,1.116114973539
2024-06-11,0.933917446720,1.073000000000,0.006369464561,1.274377063588,0.725931939652,0.095405763468,1.115152774891
2024-06-12,0.935915145239,1.076500000000,0.006356657809,1.276003081847,0.727610679284,0.095820908808,1.116585416451
2024-06-13,0.937028547455,1.078400000000,0.006359240476,1.276696500450,0.727518046279,0.096105516442,1.115432354158
2024-06-14,0.931289598067,1.068600000000,0.006368295590,1.269045781129,0.726741022851,0.094792027038,1.120830711139
2024-06-17,0.931719336337,1.071200000000,0.006334338596,1.266598086860,0.727420888225,0.094852700274,1.120384896977
2024-06-18,0.932043701648,1.071500000000,0.006324892273,1.267447362195,0.727377638993,0.095202132386,1.126471825063
2024-06-19,0.934937980100,1.074900000000,0.006331134409,1.272748801137,0.729388613693,0.095853397539,1.130759520303
2024-06-20,0.932391134650,1.071900000000,0.006311977388,1.268325583046,0.729382144801,0.095722450438,1.122878692646
2024-06-21,0.929945487966,1.068800000000,0.006293722765,1.264388212608,0.730453799891,0.095050913780,1.120687847331
2024-06-24,0.931761681275,1.073000000000,0.006268621838,1.266375545852,0.730826862825,0.095331171427,1.119340705195
2024-06-25,0.931315139521,1.071400000000,0.006271365020,1.268454389392,0.731331058020,0.095443410093,1.118955613577
2024-06-26,0.928555337580,1.068900000000,0.006235561778,1.265674398778,0.730721903199,0.094561121039,1.115179968701
2024-06-27,0.928504116755,1.069600000000,0.006230921589,1.264452062892,0.730251928723,0.094337625684,1.113702623907
2024-06-28,0.928694125944,1.070500000000,0.006226009073,1.264798317541,0.729720518064,0.094238302742,1.111168777247
2024-07-01,0.930570575117,1.074500000000,0.006205602079,1.267248496285,0.730405818775,0.094523861887,1.108989575808
2024-07-02,0.928825917146,1.072900000000,0.006190641048,1.265884018642,0.728525836898,0.093973898572,1.106424667423
2024-07-03,0.931002919160,1.075800000000,0.006176369273,1.270429853566,0.731687410733,0.094609093308,1.107017904919
2024-07-04,0.935018116227,1.080000000000,0.006212609296,1.275645795684,0.734444066644,0.095259095921,1.111454152516
2024-07-05,0.936684442337,1.082400000000,0.006218545329,1.279236051198,0.734527687296,0.095277496589,1.112435765673
2024-07-08,0.937446600233,1.083500000000,0.006213798245,1.283615685345,0.733482263742,0.095206713238,1.115745031408
2024-07-09,0.935637137346,1.081400000000,0.006207807118,1.279899634281,0.733053145336,0.094676939240,1.113467874794
2024-07-10,0.936078858622,1.082500000000,0.006193146061,1.280792257271,0.733500474319,0.094893710278,1.113339504268
2024-07-11,0.938149404407,1.085500000000,0.006189064371,1.287586738628,0.733644228170,0.095060863473,1.113447533080
2024-07-12,0.943001634517,1.089000000000,0.006299531440,1.295981149365,0.734124309020,0.094724481364,1.117266851339
2024-07-15,0.944431219269,1.090700000000,0.006328768713,1.297757153906,0.733046575711,0.094535211268,1.118093285495
2024-07-16,0.943468679913,1.090200000000,0.006314509123,1.296961621737,0.731138085977,0.094352849539,1.116893760885
2024-07-17,0.947707462415,1.093400000000,0.006386309211,1.302985163558,0.731420161884,0.095008037537,1.128030537501
2024-07-18,0.947140871968,1.093000000000,0.006391065372,1.298485298485,0.730956998596,0.094764951707,1.130767639148
2024-07-19,0.942843983180,1.089000000000,0.006345784045,1.292121499763,0.729013254786,0.093798449612,1.124071015690
2024-07-22,0.943195423270,1.088800000000,0.006374707260,1.292881315680,0.727272727273,0.093623973516,1.125840140627
2024-07-23,0.941883815943,1.086000000000,0.006401792030,1.291734564010,0.726713062099,0.093031224568,1.121784939572
2024-07-24,0.943085584257,1.084800000000,0.006486874365,1.291843806938,0.725473149201,0.092817112299,1.128941617234
2024-07-25,0.943860090889,1.085100000000,0.006551744958,1.287494067394,0.722436750999,0.092160693052,1.138137193203
2024-07-26,0.942650670951,1.086000000000,0.006470448046,1.287065348788,0.723565860484,0.092563392286,1.131957473421
2024-07-29,0.940388529958,1.081700000000,0.006499038693,1.282470804434,0.722288995726,0.092244062593,1.129358947588
2024-07-30,0.940100221270,1.082400000000,0.006457848577,1.284595300261,0.721792477994,0.092623652233,1.128440366972
2024-07-31,0.944930118429,1.082800000000,0.006652740231,1.283242474520,0.722975228684,0.093244348762,1.135843910626
2024-08-01,0.942582884720,1.078900000000,0.006632853805,1.279408974481,0.723511266094,0.093638257247,1.139642970318
2024-08-02,0.946017882497,1.083500000000,0.006714383095,1.274705882353,0.720651812438,0.093531762817,1.148627159970
2024-08-05,0.960996577163,1.096600000000,0.007030388511,1.276927734693,0.722017382144,0.095075429166,1.178632846088
2024-08-06,0.954579738660,1.091500000000,0.006895571420,1.269215563153,0.722991322779,0.094428583788,1.170509383378
2024-08-07,0.953965634227,1.092200000000,0.006799900386,1.272841693082,0.727648234510,0.095609926905,1.160803486024
2024-08-08,0.954937163363,1.093000000000,0.006842368849,1.269557339156,0.727647959523,0.095080683746,1.166737830914
2024-08-09,0.953617719388,1.091700000000,0.006809081270,1.273743407850,0.727460518425,0.094967596016,1.157074721781
2024-08-12,0.953556730929,1.092500000000,0.006775193798,1.276971269607,0.728430457394,0.095053726019,1.151090506796
2024-08-13,0.954180370740,1.093100000000,0.006782279581,1.279107865852,0.728053816438,0.095002607335,1.153059071730
2024-08-14,0.960036518890,1.101900000000,0.006802691690,1.284520242939,0.729010916308,0.095948381704,1.158066211245
2024-08-15,0.959386029227,1.101100000000,0.006791044776,1.286106406588,0.729688535454,0.095635558258,1.154071900220
2024-08-16,0.957917028330,1.099400000000,0.006756391347,1.291466967390,0.728320635972,0.095239745311,1.152410901468
2024-08-19,0.963356161320,1.104100000000,0.006848405905,1.295238318689,0.731288912439,0.096116513306,1.156973697999
2024-08-20,0.966784311498,1.108400000000,0.006834381551,1.301030589009,0.734769638714,0.097377553262,1.163430250866
2024-08-21,0.969260185497,1.111600000000,0.006850733391,1.303119468248,0.735331084210,0.097697310599,1.169735872882
2024-08-22,0.970984935265,1.113500000000,0.006846409247,1.310879060076,0.735955056180,0.097744030899,1.173340358272
2024-08-23,0.970345249887,1.112100000000,0.006849171645,1.312475658834,0.736197537402,0.097249792313,1.173596454200
2024-08-26,0.975781347869,1.116300000000,0.006936125264,1.318802055644,0.740448394800,0.097895290713,1.180021141649
2024-08-27,0.976081931644,1.116200000000,0.006922599851,1.321916672588,0.742104913237,0.098120571740,1.182415254237
2024-08-28,0.973873327589,1.111700000000,0.006923460173,1.320889226857,0.742023761848,0.098076753419,1.185813333333
2024-08-29,0.971854155176,1.108800000000,0.006914442504,1.317255717256,0.742815033161,0.097730377683,1.184109354977
2024-08-30,0.970843594173,1.108700000000,0.006878218252,1.317998097955,0.742052071481,0.097807772044,1.177463891249
2024-09-02,0.967206461409,1.106100000000,0.006804256890,1.313377187775,0.740758103402,0.097445159017,1.174827403080
2024-09-03,0.966117507592,1.103500000000,0.006842986481,1.312362490337,0.738077720554,0.097036581076,1.172813263896
2024-09-04,0.967856513484,1.105000000000,0.006895045551,1.311603836293,0.737650200267,0.096836385943,1.176032354193
2024-09-05,0.972820012401,1.109700000000,0.006970477387,1.316089091297,0.739997332622,0.097346374841,1.181789137380
2024-09-06,0.973895675002,1.110300000000,0.006986094507,1.317191225843,0.740990389749,0.097653432778,1.185584623599
2024-09-09,0.968619421906,1.104300000000,0.006965873967,1.308955135423,0.737232124975,0.096403317329,1.177794368601
2024-09-10,0.968578261506,1.103100000000,0.006990051328,1.309084436005,0.736726106993,0.096462769446,1.179912290085
2024-09-11,0.970455128726,1.104300000000,0.007051724138,1.308800000000,0.736347269454,0.096571928290,1.180059841847
2024-09-12,0.967635912876,1.101600000000,0.007015666794,1.304286052569,0.736166800321,0.096513054144,1.170172084130
2024-09-13,0.973811625522,1.108100000000,0.007095472882,1.311749038177,0.735741318638,0.097513970168,1.180462341536
2024-09-16,0.978365211992,1.112600000000,0.007147629449,1.320154726026,0.736382288702,0.098290560537,1.184373004045
2024-09-17,0.978277837830,1.113900000000,0.007108033948,1.321697240086,0.736024844720,0.098361958585,1.184370015949
2024-09-18,0.976021592555,1.112400000000,0.007043180955,1.320747996438,0.735860289740,0.098233839633,1.184916915211
2024-09-19,0.977514701978,1.115600000000,0.006993042061,1.328838755018,0.738318994044,0.098573006406,1.179281183932
2024-09-20,0.976478815755,1.116600000000,0.006931959275,1.330711476582,0.737127013467,0.098110886565,1.177103099304
2024-09-23,0.975004808684,1.111900000000,0.006967665121,1.331329773223,0.738068370395,0.097861292026,1.176862828112
2024-09-24,0.976593125777,1.113300000000,0.006952041963,1.337779379957,0.740570744362,0.098578828530,1.179468164000
2024-09-25,0.979755366146,1.119400000000,0.006931698557,1.338146868612,0.744084020207,0.098965608699,1.178936282254
2024-09-26,0.977617146737,1.115500000000,0.006938051997,1.337081075898,0.742429284526,0.098716814159,1.180173508252
2024-09-27,0.979211738371,1.115800000000,0.006989914177,1.338885022439,0.742085661080,0.098979863390,1.184501061571
2024-09-30,0.981321089438,1.119600000000,0.007005381054,1.340148187161,0.739840084583,0.099079646018,1.186142599852
2024-10-01,0.973600439440,1.108600000000,0.006956139800,1.332564037840,0.739757106633,0.097980467542,1.180114967000
2024-10-02,0.971564815238,1.107100000000,0.006908149257,1.329243108251,0.741427806054,0.097546147407,1.179271410311
2024-10-03,0.965732420939,1.103900000000,0.006815038894,1.310142657077,0.738641686183,0.097165742452,1.175988068606
2024-10-04,0.965851040922,1.102900000000,0.006821077370,1.317131426524,0.737627073301,0.097278941566,1.174047264211
2024-10-07,0.960806218133,1.098200000000,0.006752751645,1.308658452299,0.736355102588,0.096621502727,1.169791222838
2024-10-08,0.960690449749,1.098200000000,0.006758569758,1.310845329323,0.733061878379,0.096766234911,1.167056323061
2024-10-09,0.958111523514,1.095700000000,0.006723323311,1.308454740865,0.731197864531,0.096435486710,1.166010428860
2024-10-10,0.955829274404,1.093200000000,0.006712926006,1.306311688932,0.727296919699,0.096185825525,1.163845416800
2024-10-11,0.956146386695,1.093800000000,0.006712900454,1.306731975390,0.726150169289,0.096336093007,1.166346769034
2024-10-14,0.953720716183,1.091500000000,0.006680335394,1.304607661507,0.725393766199,0.095968699169,1.160059517483
2024-10-15,0.953742627081,1.090300000000,0.006695118207,1.308019914822,0.723826594968,0.096478187771,1.159770237209
2024-10-16,0.953284549092,1.089700000000,0.006702958725,1.303390945518,0.725837607407,0.096042658206,1.159625412366
2024-10-17,0.950896313313,1.086600000000,0.006686769231,1.302019052184,0.725609348915,0.095165528114,1.158422174840
2024-10-18,0.949424980994,1.084700000000,0.006664823349,1.304274634762,0.725066844920,0.094978328444,1.153813424104
2024-10-21,0.949529083781,1.085300000000,0.006666871429,1.302646582248,0.723629817309,0.094972653686,1.157036247335
2024-10-22,0.946665805092,1.082100000000,0.006629702242,1.298416126710,0.723135525261,0.094916889610,1.155472504004
2024-10-23,0.941412853083,1.076700000000,0.006538928702,1.294919901862,0.722617449664,0.094348054679,1.152783725910
2024-10-24,0.944572401551,1.080100000000,0.006581160127,1.298041100829,0.723830585712,0.094587967423,1.155310728420
2024-10-25,0.945572293982,1.082500000000,0.006582547887,1.298615609780,0.722196277270,0.094562131470,1.153805158815
2024-10-28,0.944166887455,1.081800000000,0.006549219034,1.298835394405,0.719760479042,0.094307383838,1.154905519377
2024-10-29,0.940436746775,1.077400000000,0.006503682241,1.297759576006,0.719177624992,0.093548667188,1.149962642758
2024-10-30,0.942463923257,1.081500000000,0.006518594419,1.296373988613,0.717555732484,0.093506830365,1.151389332482
2024-10-31,0.946883834911,1.088200000000,0.006543595911,1.299296741609,0.719043213955,0.093561921794,1.156183595410
2024-11-01,0.947398327118,1.088500000000,0.006575450042,1.295864187243,0.718766508188,0.093743271756,1.154662140660
2024-11-04,0.948914088500,1.090400000000,0.006589714148,1.297122396298,0.719498515341,0.093640774615,1.158767268863
2024-11-05,0.948231330894,1.089700000000,0.006567227144,1.298498570067,0.720319936542,0.093404191488,1.159008721549
2024-11-06,0.933887204818,1.069500000000,0.006479854590,1.285101474352,0.718122607937,0.091790756555,1.141652433817
2024-11-07,0.940777663427,1.078500000000,0.006508357975,1.296507783855,0.720922459893,0.092982153634,1.143447837150
2024-11-08,0.940956118640,1.077200000000,0.006561091485,1.294898302640,0.718948141227,0.092942191544,1.146811455339
2024-11-11,0.932270360273,1.065100000000,0.006501648150,1.288219641993,0.717335668103,0.091882332643,1.136834240581
2024-11-12,0.929675522907,1.061700000000,0.006485248305,1.281704593469,0.717413338739,0.091985791024,1.135022450289
2024-11-13,0.928619036055,1.062900000000,0.006453160100,1.274261805714,0.716239892183,0.091712325812,1.133276468707
2024-11-14,0.921444295731,1.053300000000,0.006413175840,1.266624978956,0.713666237550,0.090778247005,1.124239513289
2024-11-15,0.924672149164,1.058300000000,0.006438914578,1.268108561500,0.712132427158,0.091307536344,1.127170092662
2024-11-18,0.922326471877,1.055200000000,0.006444363015,1.262805169938,0.709473542661,0.090965517241,1.126868859462
2024-11-19,0.925775535099,1.057800000000,0.006501136992,1.264736124728,0.713139621115,0.091315607735,1.133883588809
2024-11-20,0.923570490591,1.056200000000,0.006423792726,1.266730630847,0.715243448229,0.091012494614,1.130593020766
2024-11-21,0.922718756498,1.052600000000,0.006476342829,1.264035161457,0.716054421769,0.090686654605,1.132558639983
2024-11-22,0.915332999632,1.041200000000,0.006473514051,1.251367105342,0.715060778793,0.090123777374,1.122950819672
2024-11-25,0.921031511965,1.049500000000,0.006492823559,1.257413287007,0.716480065538,0.091237068591,1.125589875590
2024-11-26,0.922674697293,1.052200000000,0.006530130950,1.260421657882,0.709364255377,0.091313026122,1.129697229976
2024-11-27,0.925017119253,1.053100000000,0.006596304416,1.262709832134,0.711217667320,0.091343568393,1.131270813192
2024-11-28,0.926179799146,1.054200000000,0.006593282882,1.266610597140,0.713744075829,0.091371614301,1.131844535108
2024-11-29,0.929000622319,1.056200000000,0.006657841654,1.269394868097,0.713841578805,0.091699947908,1.134600923837
2024-12-02,0.925619179784,1.050700000000,0.006660961075,1.267461217400,0.712435584486,0.091151210202,1.127844568484
2024-12-03,0.925999574780,1.051200000000,0.006682771774,1.264631930994,0.712533044127,0.090812491901,1.129229777635
2024-12-04,0.923561608037,1.049200000000,0.006615801753,1.266690812508,0.711080989495,0.090855559404,1.127565824825
2024-12-05,0.927683016691,1.054000000000,0.006649003280,1.272946859903,0.711729353771,0.091576523741,1.132724341752
2024-12-06,0.930158510785,1.058100000000,0.006644270016,1.277050268541,0.710993146083,0.091825045561,1.139702714347
2024-12-09,0.928652407445,1.056800000000,0.006629861982,1.276251434092,0.708358469066,0.091608876560,1.136955352340
2024-12-10,0.925260954584,1.052700000000,0.006590083886,1.275149900067,0.706130936410,0.091273247496,1.135966332146
2024-12-11,0.923126543699,1.050700000000,0.006552541316,1.274224453661,0.704931231130,0.091234315981,1.132219827586
2024-12-12,0.922569139100,1.049100000000,0.006573308271,1.272747124763,0.705751765893,0.091226086957,1.125764567014
2024-12-13,0.921699056145,1.051800000000,0.006514710437,1.266572739424,0.703356961348,0.091341728181,1.120724560469
2024-12-16,0.920041105693,1.049800000000,0.006491065356,1.265657966122,0.701784878668,0.091652770624,1.120145113103
2024-12-17,0.920036561631,1.049700000000,0.006494462662,1.270085180525,0.700033344448,0.091501046025,1.115159885265
2024-12-18,0.920111701196,1.049600000000,0.006498266469,1.271934076587,0.698708560778,0.091352974455,1.118738008953
2024-12-19,0.910883826366,1.039500000000,0.006374563071,1.260840560374,0.696249162760,0.090687022901,1.115463032514
2024-12-20,0.909837882305,1.039000000000,0.006378537663,1.252335322124,0.695169276060,0.090536772395,1.117564805851
2024-12-23,0.909325995812,1.039300000000,0.006362022527,1.252244111091,0.693884363733,0.090499825845,1.113217652099
2024-12-24,0.909563899189,1.039500000000,0.006367534456,1.255358975907,0.693554843875,0.090128755365,1.110814276555
2024-12-27,0.911466864442,1.043500000000,0.006337686001,1.255746227346,0.695573923477,0.090901171654,1.110578969774
2024-12-30,0.912173744988,1.044400000000,0.006346235644,1.259071729958,0.694645826405,0.090924128325,1.106942236354
2024-12-31,0.909321914426,1.038900000000,0.006371274378,1.252924576087,0.695009365801,0.090662361463,1.103803654909
2025-01-02,0.904568120870,1.032100000000,0.006369414959,1.241728626772,0.693382599933,0.090358334136,1.101376587344
2025-01-03,0.903259265401,1.029900000000,0.006366446189,1.240948031762,0.693909176661,0.090030158661,1.100085451827
2025-01-06,0.912396296070,1.042600000000,0.006386523737,1.254663168789,0.699074694918,0.090941602338,1.109621115368
2025-01-07,0.909325433610,1.039300000000,0.006342609545,1.253452330700,0.698548191961,0.090570806100,1.102588584766
2025-01-08,0.900557361267,1.028600000000,0.006312753161,1.233288970421,0.694859150172,0.089346362649,1.096705405694
2025-01-09,0.901837655770,1.030500000000,0.006339197835,1.229596219931,0.694828399973,0.089651572491,1.096626582952
2025-01-10,0.901498220137,1.030400000000,0.006326906545,1.231166286308,0.694105759515,0.089623380012,1.094307561597
2025-01-13,0.894883593568,1.019800000000,0.006364998128,1.211739543726,0.693788693108,0.088635869801,1.091161994436
2025-01-14,0.897206943132,1.024500000000,0.006338551012,1.215475512528,0.694858925665,0.088994093120,1.090473656200
2025-01-15,0.901689646805,1.030000000000,0.006367851623,1.221638418749,0.696699134199,0.089553536495,1.096444539067
2025-01-16,0.900553655128,1.027200000000,0.006401595413,1.219112725201,0.695181375203,0.089438397910,1.095563139932
2025-01-17,0.902141179076,1.029800000000,0.006427011171,1.219376457912,0.692814854682,0.089501129845,1.096231637215
2025-01-20,0.902154355802,1.031600000000,0.006393158156,1.219558329787,0.691235593675,0.089747270434,1.094071481599
2025-01-21,0.905709596465,1.035700000000,0.006422547439,1.224912185257,0.692174029272,0.090257080610,1.098652805771
2025-01-22,0.912002726125,1.044300000000,0.006417772861,1.236355456633,0.697502003740,0.091070027034,1.105196317071
2025-01-23,0.908660809695,1.040400000000,0.006399311108,1.231709049581,0.694340630005,0.090718053800,1.101885193815
2025-01-24,0.913241138675,1.047200000000,0.006389261745,1.240567211212,0.697435897436,0.091386682957,1.103012428902
2025-01-27,0.919682065816,1.053000000000,0.006491584982,1.251991534492,0.697535771065,0.091597077244,1.113932085052
2025-01-28,0.911306241937,1.042100000000,0.006438279995,1.242547813230,0.693854451029,0.090791078585,1.103802563288
2025-01-29,0.909766710543,1.039600000000,0.006437151703,1.241713746521,0.692558790221,0.090751167561,1.102439024390
2025-01-30,0.911439548102,1.040300000000,0.006488897206,1.243114058672,0.693672067747,0.090697471665,1.101895985595
2025-01-31,0.909831996863,1.039300000000,0.006455680477,1.243062864798,0.691253741270,0.090578699669,1.099904751826
2025-02-03,0.901920327559,1.027400000000,0.006466922641,1.235806389530,0.682612451000,0.089486978486,1.093793250293
2025-02-04,0.906866982875,1.033500000000,0.006438450037,1.242366687503,0.693903585336,0.090514976353,1.099936143040
2025-02-05,0.916036787226,1.042200000000,0.006544427002,1.254378046579,0.700591556870,0.091756688941,1.109313464609
2025-02-06,0.911147775304,1.036000000000,0.006559037670,1.237931364114,0.696939118735,0.091511350587,1.103889184869
2025-02-07,0.913135996323,1.037700000000,0.006577296064,1.244946192699,0.697238459988,0.091941700261,1.101826290083
2025-02-10,0.909569520343,1.032000000000,0.006576599541,1.239148445661,0.697391539397,0.091517758170,1.098339719029
2025-02-11,0.909525054675,1.032400000000,0.006564089522,1.238557974927,0.698086415579,0.091748500333,1.094919927882
2025-02-12,0.911435709933,1.037000000000,0.006513000879,1.244330317502,0.699258260283,0.091855263741,1.096542243841
2025-02-13,0.912793029460,1.039000000000,0.006502284248,1.247104293448,0.699946106171,0.092097682046,1.102855323214
2025-02-14,0.920369598311,1.047800000000,0.006545068399,1.259147990146,0.705304254173,0.093183334074,1.109722516416
2025-02-17,0.921356890080,1.047300000000,0.006600491586,1.259788531630,0.704730502658,0.093375534950,1.109427966102
2025-02-18,0.919485696348,1.044700000000,0.006589088616,1.258295694068,0.703786041498,0.093181108683,1.108435013263
2025-02-19,0.918811209585,1.043400000000,0.006586705385,1.259566865448,0.704001079549,0.093044408775,1.105882352941
2025-02-20,0.921324676028,1.044300000000,0.006668582375,1.260881639158,0.703658783101,0.093524986566,1.108245781598
2025-02-21,0.922570337309,1.046500000000,0.006646132351,1.264499758337,0.704429186861,0.093919676913,1.110934182590
2025-02-24,0.923015615689,1.046600000000,0.006674319240,1.263551853193,0.703549341221,0.093840222362,1.111630377058
2025-02-25,0.924874540845,1.049700000000,0.006677905719,1.266102185555,0.701249248447,0.094181508232,1.118367781803
2025-02-26,0.923986053073,1.048700000000,0.006692405871,1.265506588792,0.696625481600,0.094112895989,1.116588586031
2025-02-27,0.923319548795,1.047700000000,0.006684744465,1.267281942109,0.696609042553,0.093888341249,1.113745083448
2025-02-28,0.917454327529,1.041100000000,0.006632900102,1.260289560333,0.693188627738,0.093055058992,1.108260591867
2025-03-03,0.920608145935,1.046500000000,0.006609612834,1.268023748940,0.692862817797,0.093856502242,1.109991514637
2025-03-04,0.929683787243,1.055700000000,0.006745686901,1.275184809393,0.693444561219,0.095112392450,1.126560665884
2025-03-05,0.936320908307,1.069400000000,0.006679992504,1.280718562874,0.694505779971,0.097107832009,1.124027748581
2025-03-06,0.944998304670,1.079600000000,0.006779703592,1.288459243346,0.696111935005,0.098485677796,1.128698379509
2025-03-07,0.948599239688,1.085700000000,0.006770813845,1.291147369423,0.697481690865,0.098956387003,1.136025949566
2025-03-10,0.948481970161,1.084500000000,0.006804065500,1.293396462689,0.693325661680,0.098865034869,1.140138772077
2025-03-11,0.950838537447,1.091200000000,0.006755819713,1.293289401948,0.693662195665,0.099367117425,1.135720233139
2025-03-12,0.948585555668,1.088600000000,0.006710226222,1.294750112990,0.694083142056,0.099175511320,1.131718473854
2025-03-13,0.945848712558,1.083000000000,0.006741782869,1.292702141374,0.694631518184,0.097831978320,1.130598183526
2025-03-14,0.948632662951,1.088900000000,0.006726587596,1.293491560054,0.693964693136,0.098509109989,1.129447152785
2025-03-17,0.950288967157,1.090300000000,0.006719462591,1.297574560255,0.697792000000,0.098915853935,1.133839434276
2025-03-18,0.950592625409,1.091800000000,0.006677675841,1.297090515961,0.699916661324,0.099281622261,1.137173211124
2025-03-19,0.949096385303,1.089700000000,0.006674220616,1.296058421942,0.698257080610,0.099041127017,1.137117812793
2025-03-20,0.946227399897,1.083300000000,0.006734846130,1.294419882901,0.694779374038,0.098218414253,1.132685069009
2025-03-21,0.946097274438,1.082700000000,0.006725262439,1.292544618874,0.696225323130,0.099030458246,1.134073530952
2025-03-24,0.945049138530,1.082400000000,0.006675300648,1.293761878011,0.697422680412,0.098786164096,1.134115674769
2025-03-25,0.946046711734,1.082500000000,0.006668925579,1.295398791360,0.700239342778,0.100254688585,1.134814970123
2025-03-26,0.943120411052,1.078800000000,0.006651048089,1.290075696878,0.701111327744,0.099524885834,1.131766680655
2025-03-27,0.942839141454,1.078500000000,0.006634881575,1.294438176624,0.699189627229,0.099644292512,1.132402351953
2025-03-28,0.943656377596,1.079700000000,0.006638588293,1.295256604045,0.699106449106,0.099787430684,1.133543307087
2025-03-31,0.945272450379,1.081500000000,0.006692450495,1.294651407776,0.696259576386,0.099686607061,1.134718287693
2025-04-01,0.943505811092,1.078800000000,0.006703535699,1.289428076256,0.694700238264,0.099741124260,1.133193277311
2025-04-02,0.945236917958,1.080300000000,0.006700781541,1.294470073692,0.697913301893,0.100362318841,1.132033951588
2025-04-03,0.968392251040,1.109700000000,0.006842819264,1.318512885710,0.709708365311,0.103511963061,1.163451457329
2025-04-04,0.964436491910,1.105700000000,0.006886522172,1.301053127022,0.704446992864,0.100756333151,1.175401296907
2025-04-07,0.955724625069,1.096700000000,0.006829617636,1.281371220265,0.700453471291,0.098998014082,1.169563826384
2025-04-08,0.955371887572,1.095000000000,0.006816059757,1.278548409696,0.705905105725,0.099749487588,1.171248261846
2025-04-09,0.962596774659,1.104500000000,0.006919992482,1.277838838434,0.704805053921,0.099760646706,1.190450528131
2025-04-10,0.965658021970,1.108200000000,0.006871279762,1.292286164072,0.710065996027,0.100571739722,1.191741047424
2025-04-11,0.985756475741,1.134600000000,0.007000678719,1.308982671497,0.721021860702,0.102034209248,1.226329442283
2025-04-14,0.987851691994,1.137700000000,0.006981039455,1.317041547527,0.720701887749,0.103366192704,1.219530496302
2025-04-15,0.985934253481,1.132400000000,0.006996601792,1.323360991002,0.720768888040,0.102376797968,1.225275914304
2025-04-16,0.987395576532,1.135500000000,0.007005367388,1.326239809386,0.718352628582,0.101792917974,1.226241900648
2025-04-17,0.988114025856,1.136000000000,0.007013211508,1.322883793509,0.720218094212,0.103012386877,1.222688623399
2025-04-22,0.998734720630,1.147600000000,0.007125737349,1.336625591092,0.722169781637,0.105136826290,1.231594762825
2025-04-23,0.993177795600,1.141500000000,0.007060242454,1.330528131666,0.722971689151,0.104346633758,1.216691536986
2025-04-24,0.989924970282,1.137600000000,0.007015293537,1.330526315789,0.721415435348,0.104261754193,1.211243611584
2025-04-25,0.987594712400,1.135700000000,0.006976044226,1.331262454577,0.720896280310,0.103231377539,1.205498354739
2025-04-28,0.987994079071,1.135800000000,0.006976658477,1.334038054968,0.721417682927,0.103282713467,1.205732484076
2025-04-29,0.990217608896,1.137300000000,0.007008257333,1.338314897623,0.722278673949,0.103749315818,1.210924190801
2025-04-30,0.989651736946,1.137300000000,0.006991025326,1.335172575722,0.723105289929,0.103659481384,1.211311108744
2025-05-02,0.986299297537,1.134300000000,0.006919416824,1.329309738662,0.723636363636,0.103707428571,1.214064005138
2025-05-05,0.987336671798,1.134300000000,0.006950793554,1.332119788608,0.724329501916,0.103726395684,1.214974293059
2025-05-06,0.988174044118,1.132500000000,0.007006310319,1.337229897272,0.724614498688,0.104090073529,1.211748341536
2025-05-07,0.989104448444,1.136000000000,0.006974031555,1.334743273411,0.724813373317,0.104191506925,1.213804893685
2025-05-08,0.983602811830,1.129700000000,0.006911593760,1.332822085890,0.719829234102,0.103613684307,1.211474530831
2025-05-09,0.979792319934,1.125200000000,0.006887855044,1.327356376076,0.718610295057,0.103040293040,1.203036458890
2025-05-12,0.967564527402,1.110600000000,0.006753009850,1.317594020643,0.715085957118,0.102035003905,1.185398655139
2025-05-13,0.968409545855,1.111200000000,0.006750501185,1.321912919343,0.714506172840,0.102646529029,1.187433212225
2025-05-14,0.977021286503,1.121400000000,0.006837387964,1.332620320856,0.717374616172,0.103316749585,1.194249201278
2025-05-15,0.974851336704,1.118500000000,0.006849357012,1.327754036087,0.714924896133,0.102732491389,1.192812200064
2025-05-16,0.975667569845,1.119400000000,0.006865378718,1.328349353269,0.715728900256,0.102390077474,1.193262978361
2025-05-19,0.981200490375,1.126200000000,0.006898199191,1.337688561587,0.717005156936,0.103306884374,1.198850329998
2025-05-20,0.980294552820,1.124100000000,0.006913709330,1.335352815396,0.716763374354,0.103284788901,1.200192184497
2025-05-21,0.986700031913,1.132100000000,0.006955640206,1.340397821454,0.720119585268,0.104393932408,1.210543199316
2025-05-22,0.986695072933,1.130900000000,0.006972686356,1.341995965349,0.721237244898,0.104244826474,1.210424917050
2025-05-23,0.988113489348,1.130100000000,0.007013591510,1.348246241947,0.723032629559,0.104302802082,1.215291966878
2025-05-26,0.993461648979,1.138100000000,0.006998093833,1.356172545281,0.728897143589,0.105053768404,1.216438648995
2025-05-27,0.990004534493,1.135600000000,0.006936232592,1.354969574037,0.725994118399,0.104389391920,1.209887065843
2025-05-28,0.986683103822,1.131700000000,0.006924677232,1.347582757799,0.723177199821,0.104078723502,1.208564715933
2025-05-29,0.984230691217,1.128100000000,0.006900960421,1.346663483347,0.723419263819,0.103785822715,1.207945176143
2025-05-30,0.988873574938,1.133900000000,0.006958149239,1.347955301950,0.724259070005,0.104281050260,1.213895728509
2025-06-02,0.995687922580,1.141900000000,0.007006381151,1.353924590941,0.729975068721,0.105210300825,1.223114824336
2025-06-03,0.992418335807,1.138600000000,0.006985276074,1.349691797060,0.727865498945,0.104224449632,1.216712972857
2025-06-04,0.991529201825,1.138400000000,0.006935120317,1.351858449115,0.729696814307,0.103987211692,1.214941302028
2025-06-05,0.995422146482,1.142300000000,0.006979714041,1.356811972918,0.732102800743,0.104386365713,1.219754404698
2025-06-06,0.993126711571,1.141100000000,0.006931721541,1.354260621885,0.730070377479,0.104124463911,1.216135564318
2025-06-09,0.992934204642,1.141000000000,0.006920184377,1.354463437797,0.730707652898,0.104010938924,1.217846088163
2025-06-10,0.993534538883,1.142900000000,0.006917024753,1.350307183365,0.730427557998,0.104412570802,1.217275535201
2025-06-11,0.992677934399,1.143300000000,0.006880303304,1.348867390278,0.730683198057,0.104083026082,1.215629984051
2025-06-12,1.004522705309,1.159400000000,0.006957513202,1.357929257437,0.733472512178,0.106021672534,1.229871645274
2025-06-13,0.999329673387,1.151200000000,0.006937447270,1.353556731335,0.733715742511,0.105002964382,1.230045945080
2025-06-16,1.003426214835,1.157400000000,0.006935106957,1.357972544879,0.737150499968,0.105587738904,1.232194187161
2025-06-17,1.002549682655,1.156800000000,0.006912458918,1.356950146628,0.737378888322,0.105663134819,1.229853285137
2025-06-18,0.997139018302,1.150800000000,0.006904661907,1.345650140318,0.732340588011,0.104362020495,1.223864724024
2025-06-19,0.994011960136,1.147800000000,0.006864832536,1.343870741131,0.729456625357,0.103713743562,1.222494408350
2025-06-20,0.996218538996,1.151500000000,0.006867656707,1.348834485182,0.729120496422,0.103505617978,1.223048327138
2025-06-23,0.990526259357,1.147200000000,0.006777337981,1.339091864130,0.725249715514,0.102763470238,1.222115691914
2025-06-24,1.003420477000,1.160700000000,0.006897842753,1.361205582268,0.729311969840,0.104917291874,1.236497283477
2025-06-25,1.001996035604,1.159800000000,0.006859880523,1.360309641098,0.728151682572,0.104864376130,1.238970195492
2025-06-26,1.009738263361,1.169500000000,0.006923395690,1.370240187463,0.730572213893,0.105445857001,1.246934641220
2025-06-27,1.010474469106,1.170400000000,0.006915622784,1.372259350451,0.732553045002,0.105267891674,1.250560957367
2025-06-30,1.011204387787,1.172000000000,0.006927942307,1.369959088252,0.731265988644,0.105145112816,1.253878249706
2025-07-01,1.018677443373,1.181000000000,0.007000592768,1.375174662320,0.734635481463,0.105833856080,1.266623766624
2025-07-02,1.013061798026,1.175500000000,0.006937149602,1.366066240558,0.732809675207,0.104950671845,1.259914255091
2025-07-03,1.014850304768,1.178200000000,0.006947753273,1.365395758489,0.735915053092,0.104714926899,1.259972195487
2025-07-04,1.013427141891,1.176700000000,0.006925023540,1.364289855072,0.735667396061,0.104590907071,1.259041301091
2025-07-07,1.009742907136,1.172800000000,0.006870130631,1.361978864243,0.732267732268,0.105047247973,1.253795167843
2025-07-08,1.007795685897,1.171800000000,0.006824694234,1.357506950880,0.732100462327,0.104910694301,1.253128007700
2025-07-09,1.006380466066,1.169800000000,0.006815824739,1.358179496111,0.729756706176,0.104778539120,1.254477211796
2025-07-10,1.007462296806,1.170900000000,0.006834179653,1.357250492639,0.730534065386,0.104994619799,1.256330472103
2025-07-11,1.004576216939,1.168300000000,0.006799953437,1.349543721844,0.729868182670,0.104799067097,1.254887218045
2025-07-14,1.004589432499,1.169000000000,0.006785859407,1.348794277143,0.731356356356,0.104328424810,1.256043837971
2025-07-15,1.001878415936,1.166500000000,0.006759184146,1.344048853555,0.730294872598,0.103504880213,1.254435960856
2025-07-16,0.996759181388,1.160200000000,0.006723458507,1.339877584017,0.728585782467,0.102495693273,1.244048895561
2025-07-17,0.995188074077,1.157900000000,0.006721035524,1.339541878760,0.726548283868,0.102369374945,1.241982194573
2025-07-18,1.000516892432,1.165000000000,0.006736440384,1.345887245841,0.728853853854,0.103550953291,1.249463749464
2025-07-21,1.002845674888,1.166700000000,0.006782350889,1.347851201479,0.729643527205,0.104058151980,1.251152815013
2025-07-22,1.005190633869,1.169900000000,0.006795028170,1.348587896254,0.731507534546,0.104352867719,1.254449924941
2025-07-23,1.008811270359,1.172600000000,0.006836121961,1.353260242354,0.736187845304,0.105034037979,1.260047281324
2025-07-24,1.009990625871,1.175600000000,0.006826152596,1.355158501441,0.734336935474,0.105105051408,1.258537629804
2025-07-25,1.005857677155,1.172400000000,0.006772572353,1.345266781411,0.731150608045,0.104992611830,1.254843198116
2025-07-28,1.001046990339,1.165400000000,0.006750072401,1.342781426432,0.728739369685,0.104478013358,1.248553674738
2025-07-29,0.992635340828,1.153300000000,0.006721645879,1.333294797688,0.725939447347,0.103379347436,1.239441160666
2025-07-30,0.993007191760,1.152700000000,0.006742512869,1.336928786824,0.724968553459,0.103441468120,1.239329104397
2025-07-31,0.985513809912,1.144600000000,0.006673274254,1.323389987282,0.722692259124,0.102585704683,1.231149833280
2025-08-01,0.981504611004,1.140400000000,0.006645300390,1.316099249856,0.720768550120,0.101853257714,1.224656357388
2025-08-04,0.995096872648,1.156500000000,0.006784980933,1.328699448529,0.725806451613,0.103420523139,1.237692636986
2025-08-05,0.993692704399,1.154600000000,0.006775026405,1.328195099505,0.724886991462,0.103338405084,1.235262651118
2025-08-06,0.997294880200,1.160400000000,0.006777245649,1.331191923827,0.726748919647,0.103648787459,1.238552673711
2025-08-07,1.000569606384,1.164300000000,0.006784965035,1.342442061570,0.727642022374,0.104006431730,1.236906406034
2025-08-08,1.000598594442,1.164800000000,0.006765013358,1.343328335832,0.727863525589,0.104204687780,1.237832093518
2025-08-11,0.998653163625,1.162200000000,0.006762481089,1.342652495379,0.725468164794,0.103934895368,1.232449628844
2025-08-12,0.997429536442,1.160600000000,0.006735925711,1.346247535089,0.724695597877,0.103699070765,1.232321087280
2025-08-13,1.005769367944,1.171100000000,0.006790166406,1.356853203569,0.726759339705,0.104960788707,1.244659368690
2025-08-14,1.005139236587,1.169000000000,0.006824284880,1.357723577236,0.725501148141,0.104543015561,1.241635687732
2025-08-15,1.004333999166,1.168800000000,0.006802863628,1.355601948504,0.725062034739,0.104567210915,1.241027819070
2025-08-18,1.002851243946,1.167300000000,0.006775991177,1.354019255307,0.725121133060,0.104624899166,1.238777459408
2025-08-19,1.002878357869,1.168200000000,0.006765506457,1.352083333333,0.724105869956,0.104696182111,1.241577213306
2025-08-20,1.000727218820,1.165100000000,0.006782907376,1.347715442452,0.721156226789,0.104240851749,1.239072636393
2025-08-21,0.999359100197,1.163900000000,0.006763321518,1.344927201294,0.720056916605,0.104254747402,1.239642134413
2025-08-22,0.996332379239,1.160800000000,0.006725376593,1.341500057783,0.718717107300,0.103851487363,1.237130981562
2025-08-25,1.004126522787,1.169700000000,0.006786377350,1.350848827809,0.723331890421,0.105051865822,1.246350559403
2025-08-26,1.001480181385,1.165600000000,0.006785818245,1.348761860680,0.722315176303,0.104477210595,1.243174061433
2025-08-27,0.997101888976,1.159300000000,0.006754646624,1.343960120566,0.722035376183,0.104291111911,1.239893048128
2025-08-28,1.004325491899,1.167600000000,0.006808957313,1.351858284126,0.726933134105,0.105440917506,1.248369507110
2025-08-29,1.002349077231,1.165800000000,0.006788958770,1.344946931241,0.727216018963,0.105454545455,1.244980777446
2025-09-01,1.006368802316,1.171500000000,0.006792485650,1.352459016393,0.727413846631,0.106383944788,1.248534583822
2025-09-02,0.999743983911,1.164600000000,0.006727902946,1.338313031487,0.725336322870,0.105843860765,1.243433696348
2025-09-03,1.000337140440,1.165300000000,0.006729225616,1.341429722574,0.724734125257,0.105921919738,1.243119266055
2025-09-04,1.000309521492,1.164700000000,0.006741722621,1.344453422602,0.723685845657,0.105704043200,1.241287434722
2025-09-05,1.003913467017,1.169700000000,0.006757756081,1.347891219175,0.724811005081,0.106326697573,1.245686900958
2025-09-08,1.006395770555,1.172800000000,0.006763942557,1.352866535933,0.724397776405,0.106613335757,1.257289879931
2025-09-09,1.008530624135,1.174400000000,0.006813645858,1.355650467505,0.724044389642,0.106746168809,1.258600364377
2025-09-10,1.005414815335,1.170700000000,0.006779984942,1.353410404624,0.721585305720,0.106903479134,1.253694581281
2025-09-11,1.003370290097,1.168500000000,0.006759023600,1.351335723372,0.720318086549,0.106697712642,1.250267494115
2025-09-12,1.005725393335,1.171800000000,0.006760514625,1.354212411880,0.722129783694,0.107028360049,1.253664277308
2025-09-15,1.009893496362,1.176600000000,0.006786249856,1.361647957412,0.723527241422,0.107831187279,1.257992088100
2025-09-16,1.013215705088,1.180700000000,0.006803226736,1.364024953789,0.727345530709,0.108018846347,1.264674378749
2025-09-17,1.015430980931,1.183700000000,0.006831140351,1.364495677233,0.727043793379,0.107967346194,1.270473328325
2025-09-18,1.012706569359,1.181800000000,0.006782598714,1.361520737327,0.725564833006,0.107455901073,1.266530918444
2025-09-19,1.005757284769,1.173600000000,0.006752977732,1.347726228755,0.723818921919,0.106011471930,1.255993150685
2025-09-22,1.008749871156,1.178100000000,0.006764081070,1.349639133921,0.724004424779,0.106620209059,1.260269576380
2025-09-23,1.009719293214,1.179300000000,0.006765920826,1.351013861840,0.723186361685,0.107319337137,1.262093321918
2025-09-24,1.006239673796,1.175600000000,0.006736576700,1.346466613217,0.721138510612,0.106533756230,1.259346545260
2025-09-25,1.004268473324,1.173900000000,0.006719519176,1.341906721536,0.719742489270,0.106249717156,1.256314212329
2025-09-26,0.998824466298,1.167200000000,0.006677727559,1.335469107551,0.716953316953,0.105753375011,1.250750107158
2025-09-29,1.003394708091,1.172300000000,0.006722674619,1.343918376705,0.717749341823,0.106282864914,1.252858822272
2025-09-30,1.005100642449,1.174100000000,0.006757021179,1.344286695672,0.718279701456,0.106190928413,1.253844510893
2025-10-01,1.005254075420,1.172400000000,0.006797703949,1.346966911765,0.717634816674,0.106238956096,1.251895355045
2025-10-02,1.007449841486,1.175400000000,0.006812728221,1.347781217750,0.717275889425,0.106830265849,1.257112299465
2025-10-03,1.005382117622,1.173400000000,0.006786581839,1.344716937887,0.716055409776,0.106643642643,1.255913518142
2025-10-06,0.999719995976,1.167800000000,0.006664764296,1.343070730305,0.716265947007,0.106279577721,1.253811466609
2025-10-07,0.998190547947,1.166600000000,0.006626526555,1.340457313570,0.716584766585,0.106543677794,1.252523083530
2025-10-08,0.994483297379,1.162700000000,0.006549315609,1.340906469842,0.717273288094,0.106051899485,1.249543256314
2025-10-09,0.993016535979,1.161100000000,0.006545095829,1.337210641483,0.716816890974,0.105679439337,1.247287571168
2025-10-10,0.989482806889,1.156800000000,0.006555593336,1.328281088529,0.713281539031,0.105087209302,1.240669240669
2025-10-13,0.990501190155,1.156900000000,0.006574042505,1.333294917598,0.713827358549,0.105048578952,1.243443680138
2025-10-14,0.988573608861,1.155300000000,0.006574664239,1.326101928375,0.710997599852,0.104665700308,1.242792598967
2025-10-15,0.993873540015,1.162200000000,0.006598535173,1.335094773119,0.712001470318,0.105467580199,1.249005910801
2025-10-16,0.996278112460,1.164900000000,0.006610111786,1.342669432918,0.711606597434,0.105774993190,1.252311330897
2025-10-17,0.999166824077,1.168100000000,0.006648264087,1.343415756182,0.712560239126,0.105902085222,1.261855892838
2025-10-20,0.997343742184,1.165500000000,0.006633088612,1.341042457715,0.712060117302,0.106050955414,1.261500162355
2025-10-21,0.993428990634,1.160700000000,0.006578067441,1.337520165937,0.712042206000,0.106150258357,1.257529794150
2025-10-22,0.992323226018,1.158700000000,0.006586516598,1.333525146737,0.712870677987,0.106146940271,1.255635023840
2025-10-23,0.992087444290,1.159300000000,0.006551938510,1.333908641123,0.714690832871,0.106169809420,1.253432803546
2025-10-24,0.992463385605,1.161200000000,0.006540129541,1.330735732294,0.713005034999,0.106493030081,1.255622837370
2025-10-27,0.994588230629,1.164000000000,0.006541898499,1.334709322325,0.715163430818,0.106671554252,1.256476683938
2025-10-28,0.993783433254,1.163000000000,0.006566540568,1.327625570776,0.714197985753,0.106492079480,1.255668322177
2025-10-29,0.994157086540,1.163600000000,0.006571412436,1.321221755422,0.717961374715,0.106791483113,1.254149601207
2025-10-30,0.985852770733,1.155000000000,0.006475304143,1.312350869219,0.713888373818,0.105575868373,1.244477965736
2025-10-31,0.986053878239,1.155400000000,0.006485909958,1.310571687840,0.712901832541,0.105757437071,1.244104662431
2025-11-03,0.983878709469,1.151400000000,0.006484203413,1.313633770679,0.712059369202,0.105294924554,1.238330823833
2025-11-04,0.982217450705,1.149100000000,0.006514541641,1.306537805571,0.710285573000,0.104591999272,1.236256051641
2025-11-05,0.981398888310,1.149200000000,0.006504782929,1.304426787741,0.707722625939,0.104306784661,1.234769528312
2025-11-06,0.984553363892,1.153300000000,0.006510302004,1.309526513001,0.709635737140,0.104940855323,1.237977672821
2025-11-07,0.986504382979,1.156100000000,0.006532007458,1.312109862672,0.708785482190,0.104662321202,1.241516323024
2025-11-10,0.987493009419,1.157100000000,0.006489260277,1.318181818182,0.713686547832,0.105315372713,1.241790083709
2025-11-11,0.987463037291,1.157500000000,0.006486047294,1.314743298501,0.713009732660,0.105486193384,1.247574908385
2025-11-12,0.987066077410,1.157600000000,0.006460181930,1.312025388190,0.713862851505,0.105818364642,1.251459459459
2025-11-13,0.990204596231,1.161900000000,0.006470457203,1.317496314775,0.714048672566,0.106201727526,1.256923409779
2025-11-14,0.992336329025,1.164800000000,0.006499274635,1.316753334841,0.713244749250,0.106049984067,1.268154599891
2025-11-17,0.988304931078,1.159300000000,0.006455978170,1.318135304150,0.712538414259,0.105741779541,1.256693766938
2025-11-18,0.987338068905,1.159000000000,0.006441035901,1.313909987530,0.712923663653,0.105392379740,1.255279974006
2025-11-19,0.985942096148,1.158300000000,0.006404755322,1.312223858616,0.713678373383,0.105376637555,1.247630331754
2025-11-20,0.979893491787,1.151400000000,0.006344850388,1.306182643222,0.711004075584,0.104677485340,1.238863783086
2025-11-21,0.980990287776,1.152000000000,0.006380150642,1.308644780189,0.709971650438,0.104480319245,1.240176552912
2025-11-24,0.982175664575,1.154400000000,0.006370157819,1.311222171740,0.709134467719,0.104888242777,1.238095238095
2025-11-25,0.983231727679,1.155100000000,0.006402283561,1.314406008193,0.708606833937,0.104552860246,1.236062065276
2025-11-26,0.985119426209,1.157700000000,0.006392953780,1.319165907019,0.709853455147,0.104916398568,1.239374799272
2025-11-27,0.986522930722,1.158600000000,0.006397217161,1.323509252913,0.711976894242,0.105379962709,1.240869658349
2025-11-28,0.985763538071,1.156600000000,0.006405272194,1.321526508227,0.713510178902,0.105437804822,1.241253487873
2025-12-01,0.992189137018,1.164600000000,0.006459951187,1.326725905673,0.716280214035,0.106230046520,1.249168722514
2025-12-02,0.988278244782,1.161400000000,0.006407370628,1.320372896771,0.714092474176,0.105711555090,1.242670661245
2025-12-03,0.993383126383,1.166800000000,0.006436451898,1.331051791011,0.717148125384,0.106508443633,1.249785775493
2025-12-04,0.993830653779,1.166600000000,0.006461368042,1.334019439680,0.715749432481,0.106373666454,1.249036402570
2025-12-05,0.992439191264,1.164500000000,0.006442243859,1.334364615561,0.717498459643,0.106259695228,1.243459690336
2025-12-08,0.993361711934,1.165500000000,0.006428926030,1.332609192774,0.724362958359,0.106443216585,1.241478483170
2025-12-09,0.991529788387,1.163700000000,0.006395361618,1.332226674299,0.722167059700,0.106746777966,1.239957378796
2025-12-10,0.991232782013,1.163400000000,0.006381088197,1.330968996682,0.722249813757,0.107146804200,1.243480119709
2025-12-11,0.997789501346,1.171400000000,0.006427434842,1.338589875443,0.724696857214,0.108012909175,1.255116254152
2025-12-12,0.998447091422,1.173100000000,0.006410732827,1.338086004334,0.726872792614,0.107757314105,1.256937747777
2025-12-15,1.000296346309,1.175300000000,0.006446358052,1.338762957057,0.726884779516,0.107672575695,1.256333511491
2025-12-16,1.002352786401,1.177600000000,0.006467842039,1.343678685532,0.726644452672,0.107622006946,1.259330552882
2025-12-17,0.997564867989,1.172200000000,0.006427239829,1.334319863404,0.725146922363,0.107187271397,1.256108015431
2025-12-18,0.997923512396,1.171900000000,0.006419611065,1.339926823691,0.725140770992,0.107498968032,1.257943323315
2025-12-19,0.995966158235,1.171200000000,0.006360032582,1.336986301370,0.724976787372,0.107410124725,1.256922086285
2025-12-22,0.998679418860,1.174500000000,0.006356551388,1.343514070007,0.726434933201,0.108189019897,1.260734220696
2025-12-23,1.003359241559,1.178600000000,0.006409266409,1.350211937221,0.729873668566,0.108927911275,1.269085818887
2025-12-24,1.003670235969,1.178700000000,0.006411902301,1.350326497881,0.730840773810,0.109083337189,1.269603619130
2025-12-29,1.001867758758,1.176600000000,0.006395607980,1.348384139354,0.730535204272,0.108783284024,1.266114279565
2025-12-30,1.001660365880,1.175700000000,0.006407782865,1.349517906336,0.730067064083,0.108679977815,1.265145808673
2025-12-31,1.000415798948,1.175000000000,0.006382747569,1.346550538620,0.730358030830,0.108580141385,1.261541765085
2026-01-02,0.998221879167,1.172100000000,0.006372186583,1.344305539626,0.728148102131,0.108442429569,1.260864888124
2026-01-05,0.994866905436,1.166400000000,0.006376209479,1.344398340249,0.725057499845,0.108130156670,1.255678759823
2026-01-06,0.998414200313,1.170700000000,0.006392377416,1.351379429759,0.725835451671,0.108750580585,1.260579304404
2026-01-07,0.996622073868,1.168400000000,0.006387841015,1.348568790397,0.724140068175,0.108825036092,1.255803955288
2026-01-08,0.995080074383,1.167500000000,0.006380827458,1.343962242431,0.721436074893,0.108443247260,1.253758591065
2026-01-09,0.992171138495,1.164200000000,0.006343722755,1.341707963582,0.720287075419,0.108317826572,1.249946317372
2026-01-12,0.995688340816,1.169200000000,0.006339876369,1.347936361540,0.720882915100,0.109262858852,1.255449371846
2026-01-13,0.992353594553,1.165400000000,0.006295375972,1.345727482679,0.720628246352,0.108778643767,1.251637847707
2026-01-14,0.992101255761,1.165100000000,0.006303971432,1.344139363175,0.720576411652,0.108654294507,1.248366013072
2026-01-15,0.990298473834,1.162400000000,0.006306765775,1.340096841134,0.719217918574,0.108650745432,1.248013742753
2026-01-16,0.990298657092,1.161700000000,0.006324930582,1.339907727797,0.719987604586,0.108377647169,1.247396112960
2026-01-19,0.991461736357,1.163100000000,0.006331863466,1.341367777650,0.720230354821,0.108397017707,1.253070458953
2026-01-20,0.997707626013,1.172800000000,0.006333297332,1.344645723458,0.723280912735,0.109525588345,1.265429434614
2026-01-21,0.998622590885,1.173900000000,0.006337526319,1.342520585544,0.724987648221,0.110111621799,1.266616314199
2026-01-22,0.995970570829,1.170600000000,0.006297611362,1.342123366200,0.723888442273,0.110496507457,1.261014758160
2026-01-23,0.999894180742,1.174200000000,0.006322761294,1.352609146412,0.726563950251,0.111082730240,1.265710897920
2026-01-26,1.009952984021,1.183600000000,0.006484768792,1.364380403458,0.729266789895,0.111381922552,1.283313455492
2026-01-27,1.017275031216,1.192900000000,0.006521430133,1.373833928366,0.731122824222,0.112729162729,1.297053386974
2026-01-28,1.021633617638,1.197400000000,0.006551761873,1.378698906160,0.737224479744,0.113084950654,1.303221593383
2026-01-29,1.021339620879,1.196800000000,0.006522781775,1.381667051489,0.739404423576,0.113285058450,1.303419734263
2026-01-30,1.017735146170,1.191900000000,0.006492183670,1.376010159317,0.739392059553,0.113293094435,1.301627170471
2026-02-02,1.010366919080,1.184000000000,0.006449153004,1.367521367521,0.732809308659,0.111766649360,1.287096423524
2026-02-03,1.007802166843,1.180100000000,0.006416376686,1.368549228807,0.732253660958,0.111873726122,1.286492968494
2026-02-04,1.008391659880,1.182000000000,0.006384012962,1.371866295265,0.732432767381,0.111751914532,1.289267015707
2026-02-05,1.005233188113,1.179800000000,0.006373507644,1.357496260499,0.730797819623,0.110873038248,1.287850671324
2026-02-06,1.004901657663,1.179400000000,0.006365844443,1.358912317087,0.731728502296,0.110497962243,1.285449591281
2026-02-09,1.012029381182,1.188600000000,0.006402370051,1.366049879324,0.734883145790,0.111600394348,1.299016393443
2026-02-10,1.014085922487,1.189400000000,0.006446263075,1.367912593445,0.736881234124,0.112064823103,1.303737805546
2026-02-11,1.016002765937,1.190000000000,0.006510202965,1.367973330268,0.737390011154,0.112646724725,1.302539404553
2026-02-12,1.013841647966,1.187400000000,0.006505588429,1.363104121226,0.736235119048,0.112368694994,1.298840516298
2026-02-13,1.012932787576,1.186200000000,0.006523675961,1.360945387793,0.733989233340,0.111638150093,1.300515294376
2026-02-16,1.012747128705,1.185500000000,0.006521260795,1.364211737629,0.733828536057,0.111623746528,1.298608829006
2026-02-17,1.010211356807,1.182600000000,0.006531536507,1.354173823428,0.732305405907,0.111063110443,1.297279508556
2026-02-18,1.011257743732,1.184500000000,0.006508599374,1.357748739110,0.732801286810,0.111576865109,1.298224462955
2026-02-19,1.003206038212,1.175300000000,0.006455918704,1.345044632639,0.729682746632,0.109928447832,1.288847461344
2026-02-20,1.004087037858,1.176700000000,0.006443081640,1.348189734189,0.730325223436,0.110234671413,1.288545773106
2026-02-23,1.005349415042,1.178400000000,0.006459109844,1.349209983971,0.730473592859,0.110177177318,1.288572990705
2026-02-24,1.004016310418,1.177700000000,0.006416934561,1.348871835987,0.729316324003,0.110188997006,1.291337719298
2026-02-25,1.004069310592,1.178400000000,0.006380075799,1.352306633004,0.730428314635,0.110373249660,1.290690032859
2026-02-26,1.006649842694,1.181400000000,0.006407766990,1.354971900447,0.731290622098,0.110690527499,1.292560175055
2026-02-27,1.005730456655,1.180500000000,0.006411231195,1.347141389935,0.731457958981,0.110696435772,1.296682776801
2026-03-02,0.997507054218,1.169800000000,0.006351050546,1.338597093489,0.731536489275,0.109245423982,1.283097510146
2026-03-03,0.991430701026,1.160600000000,0.006342769702,1.331421360560,0.730718378140,0.108199319443,1.274404304381
2026-03-04,0.995371187094,1.164900000000,0.006364878155,1.338196438828,0.732181018228,0.109088355106,1.282646994054
2026-03-05,0.993356294024,1.161800000000,0.006347593291,1.336170212766,0.734015668436,0.108696262338,1.281774051192
2026-03-06,0.989495462256,1.156100000000,0.006332365668,1.333556342496,0.732543403878,0.108117460021,1.278164731896
2026-03-09,0.989515493326,1.155500000000,0.006309036309,1.335375014446,0.736926020408,0.108046191968,1.282748667851
2026-03-10,0.996179586331,1.164100000000,0.006337997496,1.345080593911,0.737846231856,0.109758627192,1.289575717293
2026-03-11,0.991320014077,1.158100000000,0.006306703698,1.340967775552,0.735675263626,0.108697896624,1.282360757391
2026-03-12,0.988721388797,1.154700000000,0.006295044431,1.338891272335,0.735196740099,0.107807073234,1.279020824103
2026-03-13,0.982402563496,1.147600000000,0.006276182663,1.326659191011,0.729746915935,0.106708819564,1.270312154085
2026-03-16,0.982891874351,1.147800000000,0.006283805978,1.328349226923,0.730943131886,0.106583712508,1.269549828559
2026-03-17,0.986489062102,1.153100000000,0.006291123356,1.334143237302,0.729625411288,0.107710989678,1.271614468461
2026-03-18,0.983615785168,1.150000000000,0.006267371519,1.331126364405,0.729047800178,0.106700810926,1.267496969029
2026-03-19,0.983158533994,1.148900000000,0.006296722569,1.329930082882,0.728535193405,0.106315643363,1.259620655630
2026-03-20,0.987737528249,1.155500000000,0.006298375668,1.336796316435,0.729068080005,0.107164386738,1.270338610378
2026-03-23,0.990398932986,1.159600000000,0.006306972697,1.341819023374,0.729491696024,0.107045269921,1.270933800964
2026-03-24,0.988018197412,1.157200000000,0.006292208145,1.337169665245,0.727341294783,0.106912544578,1.265390924002
2026-03-25,0.989227996463,1.159200000000,0.006290768980,1.339217634419,0.725542968017,0.107617323493,1.266470009833
2026-03-26,0.984639337716,1.153900000000,0.006264726641,1.333757151939,0.722813831120,0.106443429731,1.260955086876
2026-03-27,0.982201559864,1.151700000000,0.006253801043,1.328067343173,0.720984099161,0.105874241589,1.254848550883
2026-03-30,0.979817310451,1.148400000000,0.006271297510,1.322995748995,0.718333646087,0.105299834953,1.250027212365
2026-03-31,0.980413001799,1.149800000000,0.006269698457,1.324150956434,0.717638247410,0.105071735356,1.250598216228
2026-04-01,0.988553762033,1.160500000000,0.006316333751,1.332177746146,0.719734557182,0.106585231447,1.262648242846
2026-04-02,0.981612103471,1.152500000000,0.006265630097,1.320871488659,0.718964441672,0.105270369017,1.250949744926
2026-04-07,0.983220992113,1.155700000000,0.006256157635,1.324463086479,0.718808309491,0.105159235669,1.250486907596
2026-04-08,0.996141822694,1.170600000000,0.006323124291,1.347174110688,0.721479198767,0.108549703264,1.269218258701
2026-04-09,0.993578139048,1.168500000000,0.006292407108,1.342285733978,0.722411128284,0.107433457454,1.264610389610
2026-04-10,0.995276171086,1.171100000000,0.006281714316,1.344469318638,0.723481806388,0.108074935401,1.267287090142
2026-04-13,0.992654107110,1.168400000000,0.006256492637,1.342093776563,0.722259998764,0.107271391847,1.264228521965
2026-04-14,1.001919582720,1.179300000000,0.006295307746,1.356874115495,0.726841294299,0.109214669383,1.280456026059
2026-04-15,1.000429895527,1.178000000000,0.006285683795,1.355035371254,0.725592854943,0.108571428571,1.277657266811
2026-04-16,1.001072369992,1.178200000000,0.006290107309,1.354361845206,0.728453072833,0.109052202888,1.276489707476
2026-04-17,1.002066775356,1.179700000000,0.006284359685,1.353363619677,0.731415462831,0.109201147829,1.277976383924
2026-04-20,1.000129632234,1.176000000000,0.006292808219,1.351025331725,0.730208009935,0.109207410503,1.279791054522
2026-04-21,1.000893365096,1.176700000000,0.006287805921,1.351984833688,0.732233976353,0.109465556538,1.282926297427
2026-04-22,0.998507566165,1.173300000000,0.006280713024,1.350126002555,0.731757515280,0.108880846325,1.278801089918
2026-04-23,0.996113376437,1.169400000000,0.006270241287,1.350736355761,0.731515075691,0.108483695904,1.274272638117
2026-04-24,0.996725986020,1.171200000000,0.006272829522,1.349262122277,0.730949260438,0.108243992606,1.273181867594
2026-04-27,1.000263484586,1.174900000000,0.006280872447,1.357010857011,0.735277551787,0.108902998563,1.275678610206
2026-04-28,0.994232929862,1.168000000000,0.006260049309,1.346941128986,0.731188180794,0.107664654100,1.264342931370
2026-04-29,0.996059328505,1.170600000000,0.006258219727,1.351061251342,0.731305054039,0.107983949080,1.267431788653
2026-04-30,0.998736499053,1.170200000000,0.006387205939,1.350880230880,0.731649368513,0.107797890470,1.273340587595
2026-05-04,0.998989391417,1.170000000000,0.006364575967,1.354825262280,0.734463276836,0.107983387171,1.275482393982
2026-05-05,0.997508951022,1.168600000000,0.006336622926,1.353439190207,0.734506599623,0.107804428044,1.275068194217
2026-05-06,1.003973401832,1.176200000000,0.006401436813,1.361815445178,0.735170948184,0.108570637375,1.283360611020
2026-05-07,1.004185858341,1.177000000000,0.006394306514,1.362110866798,0.733790523691,0.108729792148,1.285355465764
2026-05-08,1.003003410982,1.176100000000,0.006379020448,1.361069320680,0.732179543049,0.108476295886,1.284512887724
2026-05-11,1.002615843898,1.176500000000,0.006363931411,1.360304319674,0.731699732570,0.108168988186,1.283968132708
2026-05-12,0.999646584854,1.173800000000,0.006345550870,1.352257410458,0.729612133267,0.107752329371,1.279764500654
2026-05-13,0.998184903719,1.171500000000,0.006338256776,1.351008499302,0.730407132614,0.107329363262,1.279628618241
2026-05-14,0.997110920794,1.170200000000,0.006331223286,1.350989401741,0.728642590286,0.107215172477,1.278907103825
2026-05-15,0.990695793096,1.162800000000,0.006307224995,1.335784032165,0.726977180369,0.105882352941,1.271653543307
2026-05-18,0.992096017348,1.164800000000,0.006298599470,1.338542863709,0.727727102337,0.106408441054,1.273840769904
2026-05-19,0.990452372286,1.162000000000,0.006284818000,1.340702195659,0.726931498280,0.106517554313,1.269945355191
2026-05-20,0.989411065284,1.160000000000,0.006287944493,1.340188319566,0.726862585375,0.106642151230,1.265684669940
2026-05-21,0.989479183470,1.159900000000,0.006283655669,1.341964296044,0.726208364638,0.106790038208,1.268343357026
2026-05-22,0.989104976827,1.159500000000,0.006283531133,1.341734360897,0.724596925384,0.106674640048,1.271521000110
2026-05-25,0.992962476005,1.164300000000,0.006292153048,1.349834792186,0.723977117274,0.107840503867,1.279591163864
2026-05-26,0.991716301520,1.163400000000,0.006281179138,1.346917510854,0.724002738192,0.107478405469,1.273423817863
2026-05-27,0.991319830254,1.163700000000,0.006272639069,1.343485187836,0.722839927946,0.107854858891,1.271386430678
2026-05-28,0.989603016569,1.161700000000,0.006271323688,1.340448854786,0.721821796943,0.107351106593,1.267263008618
2026-05-29,0.992198300191,1.164400000000,0.006278781343,1.342665728815,0.724399651611,0.108095061270,1.278015585556
2026-06-01,0.992162122966,1.164600000000,0.006270054915,1.346467344178,0.723084564758,0.107943275558,1.275854513585
2026-06-02,0.991909520105,1.164900000000,0.006259874254,1.347250332504,0.722687511632,0.107612009238,1.273253907531
2026-06-03,0.989211803552,1.161400000000,0.006255520845,1.344679865694,0.721635392072,0.106707092981,1.266935747791
2026-06-04,0.990561722803,1.164000000000,0.006257728079,1.345820326049,0.719584569733,0.106982344237,1.269633507853
2026-06-05,0.990705682337,1.164000000000,0.006255374033,1.346707854639,0.720341605297,0.107108350587,1.268664850136
2026-06-08,0.983696586393,1.154000000000,0.006251354280,1.336266790181,0.717527824411,0.106105185730,1.256122782192
2026-06-09,0.985731895088,1.157300000000,0.006243862962,1.340398424832,0.718329091925,0.106320624713,1.257114925049
2026-06-10,0.982952577674,1.153900000000,0.006230897997,1.338196409519,0.717912026380,0.105230039670,1.251247018000
2026-06-11,0.982228117686,1.153700000000,0.006229145295,1.336383644156,0.715384138401,0.104943830445,1.251165817156
2026-06-12,0.984717997678,1.156700000000,0.006242309768,1.340246799143,0.714894932015,0.105847364568,1.254963654117
2026-06-15,0.987295428295,1.160700000000,0.006242671973,1.342113478950,0.715245255115,0.106510667584,1.259986973513
2026-06-16,0.986044294113,1.159400000000,0.006235344735,1.340796336344,0.713564746430,0.106396255850,1.256938421509
2026-06-17,0.986067968197,1.159100000000,0.006237756969,1.340573424471,0.713687580814,0.106427325314,1.260850647232
2026-06-18,0.975595497756,1.146100000000,0.006213944914,1.322860638519,0.707949842486,0.104337930721,1.243328270775
2026-06-19,0.975481424715,1.146700000000,0.006202401558,1.323324062641,0.706618190781,0.104492436668,1.239943771626
2026-06-22,0.974379927371,1.145600000000,0.006181406140,1.324883193783,0.706157923935,0.104164393526,1.237549962191
2026-06-23,0.970465343740,1.139200000000,0.006190631453,1.321577726218,0.704863259498,0.103015779717,1.234905149051
2026-06-24,0.966621739297,1.134000000000,0.006184892283,1.316079614693,0.702602230483,0.102300405954,1.230468750000
2026-06-25,0.966580630829,1.134200000000,0.006178569483,1.316036805402,0.702247538852,0.102466347457,1.229751707687
2026-06-26,0.970879750210,1.140100000000,0.006186109604,1.321809096495,0.705114725710,0.102920334010,1.236819266652
2026-06-29,0.970906824176,1.140600000000,0.006178095548,1.322971640666,0.704030615394,0.102881883372,1.236824983735
2026-06-30,0.969472995923,1.139400000000,0.006156256754,1.322147183736,0.702466091245,0.102708793438,1.235255854293
